index,Mountain,Metres,Feet,Range,Location and notes
0,Mount Everest,8848.0,29029.0,Himalayas,Nepal/China
1,K2,8611.0,28251.0,Karakoram,Pakistan/China
2,Kangchenjunga,8586.0,28169.0,Himalayas,Nepal/India
3,Lhotse,8516.0,27940.0,Himalayas,Nepal – Climbers ascend Lhotse Face in climbing Everest
4,Makalu,8485.0,27838.0,Himalayas,Nepal
5,Cho Oyu,8188.0,26864.0,Himalayas,"Nepal – Considered ""easiest"" eight-thousander"
6,Dhaulagiri,8167.0,26795.0,Himalayas,Nepal – Presumed world's highest from 1808-1838
7,Manaslu,8163.0,26781.0,Himalayas,Nepal
8,Nanga Parbat,8126.0,26660.0,Himalayas,Pakistan
9,Annapurna,8091.0,26545.0,Himalayas,Nepal – First eight-thousander to be climbed (1950)
10,Gasherbrum I (Hidden peak; K5),8080.0,26510.0,Karakoram,Pakistan/China – Originally named K5
11,Broad Peak,8051.0,26414.0,Karakoram,Pakistan/China
12,Gasherbrum II (K4),8035.0,26362.0,Karakoram,Pakistan/China – Originally named K4
13,Shishapangma,8027.0,26335.0,Himalayas,China
0,Gasherbrum III,7952.0,26089.0,Karakoram,Pakistan
1,Gyachung Kang,7952.0,26089.0,Himalayas,Nepal (Khumbu)/China
2,Annapurna II,7937.0,26040.0,Himalayas,Nepal
3,Gasherbrum IV (K3),7932.0,26024.0,Karakoram,Pakistan
4,Himalchuli,7893.0,25896.0,Himalayas,"Manaslu, Nepal"
5,Distaghil Sar,7885.0,25869.0,Karakoram,Pakistan
6,Ngadi Chuli,7871.0,25823.0,Himalayas,"Manaslu, Nepal"
7,Nuptse,7861.0,25791.0,Himalayas,"Everest Massif, Nepal"
8,Khunyang Chhish,7852.0,25761.0,Karakoram,Pakistan
9,Masherbrum (K1),7821.0,25659.0,Karakoram,Pakistan – Originally named K1
10,Nanda Devi,7816.0,25643.0,Himalayas,India (Uttarakhand)
11,Chomo Lonzo,7804.0,25604.0,Himalayas,"Makalu Massiff, Nepal/China"
12,Batura Sar,7795.0,25574.0,Karakoram,Pakistan
13,Rakaposhi,7788.0,25551.0,Karakoram,Pakistan
14,Namcha Barwa,7782.0,25531.0,Himalayas,China
15,Batura II,7762.0,25466.0,Karakoram,Pakistan
16,Kanjut Sar,7760.0,25460.0,Karakoram,Pakistan
17,Kamet,7756.0,25446.0,Himalayas,India (Uttarakhand)
18,Dhaulagiri II,7751.0,25430.0,Himalayas,Nepal
19,Saltoro Kangri,7742.0,25400.0,Karakoram,India (Ladakh)
20,Batura III,7729.0,25358.0,Karakoram,Pakistan
21,Jannu,7710.0,25300.0,Himalayas,"Kangchenjunga, Nepal"
22,Tirich Mir,7708.0,25289.0,Hindu Kush,Pakistan – #1 in Hindu Kush
23,Molamenqing,7703.0,25272.0,Himalayas,"Shishapangma group, China"
24,Gurla Mandhata,7694.0,25243.0,Himalayas (Nalakankar),China
25,Saser Kangri,7672.0,25171.0,Karakoram,India (Ladakh)
26,Chogolisa,7665.0,25148.0,Karakoram,Pakistan
27,Kongur Tagh,7649.0,25095.0,Pamir or Kunlun Mountains,China
28,Shispare,7611.0,24970.0,Karakoram,Pakistan
29,Silberzacken,7597.0,24925.0,Himalaya,Pakistan
30,Trivor,7577.0,24859.0,Karakoram,Karakoram – Pakistan
31,Gangkhar Puensum,7570.0,24840.0,Himalayas,Bhutan/China
32,Gongga Shan,7556.0,24790.0,Daxue Shan,"Sichuan, China"
33,Annapurna III,7555.0,24787.0,Himalayas,Nepal
34,Muztagh Ata,7546.0,24757.0,Pamir or Kunlun Mountains,China (Xinjiang)
35,Skyang Kangri,7545.0,24754.0,Karakoram,Pakistan
36,Changtse,7543.0,24747.0,Himalayas,"Everest Massif, China"
37,Kula Kangri,7538.0,24731.0,Himalayas,China (possibly also Bhutan)
38,Liankang Kangri,7535.0,24721.0,Himalayas,Bhutan/China
39,Yukshin Gardan Sar,7530.0,24700.0,Karakoram,Pakistan
40,Annapurna IV,7525.0,24688.0,Himalayas,Nepal
41,Saser Kangri II,7518.0,24665.0,Karakoram,India (Ladakh)
42,Mamostong Kangri,7516.0,24659.0,Karakoram,India (Ladakh)
43,Ismoil Somoni Peak,7495.0,24590.0,Pamir Mountains,Tajikistan
44,Saser Kangri III,7495.0,24590.0,Karakoram,India (Ladakh)
45,Noshaq,7492.0,24580.0,Hindu Kush,Pakistan/Afghanistan – #1 in Afghanistan
46,Pumari Chhish,7492.0,24580.0,Karakoram,Pakistan
47,Passu Sar,7476.0,24528.0,Karakoram,Pakistan
48,Jongsong Peak,7462.0,24482.0,Himalayas,India/Nepal/China
49,Malubiting,7458.0,24469.0,Karakoram,Pakistan
50,Gangapurna,7455.0,24459.0,Annapurna Himalaya,Nepal
51,Muchu Chhish (Batura V),7453.0,24452.0,Karakoram,Pakistan
52,Jengish Chokusu,7439.0,24406.0,Tian Shan,China/Kyrgyzstan – #1 in Tian Shan
53,K12,7428.0,24370.0,Karakoram,India/Pakistan
54,Sia Kangri,7422.0,24350.0,Karakoram,Pakistan
55,Momhil Sar,7414.0,24324.0,Karakoram,Pakistan
56,Istor-o-Nal,7403.0,24288.0,Hindu Kush,Pakistan
57,Ghent Kangri,7401.0,24281.0,Karakoram,India (Ladakh)/Pakistan
58,Haramosh Peak,7397.0,24268.0,Karakoram,Pakistan
59,Kabru,7394.0,24259.0,Himalayas,"Kanchenjunga, India (Sikkim)/Nepal"
60,Ultar,7388.0,24239.0,Karakoram,Pakistan
61,Rimo I,7385.0,24229.0,Karakoram,India (Ladakh)
62,Sherpi Kangri,7380.0,24210.0,Karakoram,Pakistan
63,Churen Himal,7371.0,24183.0,Himalayas,Nepal
64,Labuche Kang,7367.0,24170.0,Himalayas,"near Cho Oyu, Nepal/China"
65,Kirat Chuli,7365.0,24163.0,Himalayas,Nepal/India (Sikkim) border
66,Skil Brum,7360.0,24150.0,Karakoram,"Pakistan – May also be given as 7,410 m"
67,Abi Gamin,7355.0,24131.0,Himalayas,India
68,Gimmigela Chuli,7350.0,24110.0,Himalayas,Nepal/India (Sikkim) border
69,Saraghrar,7340.0,24080.0,Hindu Kush,Pakistan
70,Bojohagur Duanasir,7329.0,24045.0,Karakoram,Pakistan
71,Chamlang,7319.0,24012.0,Himalayas,"Khumbu, Nepal"
72,Chongtar Kangri,7315.0,23999.0,Karakoram,Pakistan
73,Jomolhari / Chomolhari,7314.0,23996.0,Himalayas,Bhutan/China
74,Baltoro Kangri,7312.0,23990.0,Karakoram,Pakistan
75,Siguang Ri,7308.0,23976.0,Himalayas,China
76,Summa Ri,7302.0,23957.0,Himalayas,Pakistan
77,The Crown,7295.0,23934.0,Karakoram,China (Xinjiang)
78,Gyala Peri,7294.0,23930.0,Himalayas,China
79,Porong Ri,7292.0,23924.0,Himalayas,China
80,Baintha Brakk,7285.0,23901.0,Karakoram,Pakistan
81,Yutmaru Sar,7283.0,23894.0,Karakoram,Pakistan
82,K6,7282.0,23891.0,Karakoram,Pakistan – Also known as Baltistan Peak
83,Kangpenqing,7281.0,23888.0,Himalayas,China
84,Mana Peak,7272.0,23858.0,Himalayas,India (Uttarakhand) – SSE of Kamet
85,Muztagh Tower,7273.0,23862.0,Karakoram,Pakistan
86,Diran,7257.0,23809.0,Karakoram,Pakistan
87,Apsarasas Kangri,7245.0,23770.0,Karakoram,China/Pakistan
88,Langtang Lirung,7227.0,23711.0,Himalayas,Nepal
89,Karjiang,7221.0,23691.0,Himalayas,China
90,Annapurna South,7219.0,23684.0,Himalayas,Nepal
91,Khartaphu,7213.0,23665.0,Himalayas,China
92,Tongshanjiabu,7207.0,23645.0,Himalayas,Bhutan/China
93,Langtang Ri,7205.0,23638.0,Himalayas,Nepal/China
94,Kangphu Kang,7204.0,23635.0,Himalayas,Bhutan/China
95,Singhi Kangri,7202.0,23629.0,Himalayas,India/China
96,Lupghar Sar,7200.0,23600.0,Karakoram,Pakistan
97,Gurja Himal,7193.0,23599.0,Himalayas,Nepal
98,Melungtse,7181.0,23560.0,Rolwaling Himalayas,China
99,Liushi Shan,7167.0,23514.0,Kunlun,China – #1 in Kunlun
100,Baruntse,7162.0,23497.0,Himalayas,"Khumbu, Nepal"
101,Pumori,7161.0,23494.0,Himalayas,"Khumbu, Nepal"
102,Hardeol,7151.0,23461.0,Himalayas,India (Uttarakhand)
103,Gasherbrum V,7147.0,23448.0,Karakoram,Pakistan
104,Latok I,7145.0,23442.0,Karakoram,Pakistan
105,Kampire Dior,7142.0,23432.0,Karakoram,Pakistan
106,Nemjung,7140.0,23430.0,Himalayas,Nepal
107,Udren Zom,7140.0,23430.0,Hindu Kush,Pakistan
108,Chaukhamba,7138.0,23419.0,Himalayas,India (Uttarakhand)
109,Nun Kun,7135.0,23409.0,Karakoram,"India(Jammu and Kashmir, Ladakh)"
110,Tilicho Peak,7134.0,23406.0,Himalayas,"Annapurna Himal, Nepal"
111,Gauri Sankar,7134.0,23406.0,Rolwaling Himalayas,Nepal/China
112,Lenin Peak,7134.0,23406.0,Pamir Mountains,Tajikistan-Kyrgyzstan – #2 in Pamirs
113,Bularung Sar,7134.0,23406.0,Karakoram,Pakistan
114,Api,7132.0,23399.0,Himalayas,Nepal
115,Teri Kang,7124.0,23373.0,Himalayas,Bhutan
116,Pauhunri,7128.0,23386.0,Himalayas,India (Sikkim)/China
117,Trisul,7120.0,23360.0,Himalayas,India (Uttarakhand)
118,Korzhenevskaya,7105.0,23310.0,Pamir Mountains,Tajikistan – #3 in Pamirs
119,Lunpo Gangri,7095.0,23278.0,Himalayas (Gangdise),China
120,Satopanth,7075.0,23212.0,Himalayas,India (Uttarakhand)
121,Tirsuli,7074.0,23209.0,Himalayas,India (Uttarakhand)
122,Dunagiri,7066.0,23182.0,Himalayas,India (Uttarakhand)
123,Kangto,7060.0,23160.0,Himalayas,India (Arunachal Pradesh)/China
124,Nyegyi Kansang,7047.0,23120.0,Himalayas,India (Arunachal Pradesh)/China
125,Chomolhari Kang,7046.0,23117.0,Himalayas,Bhutan
126,Salasungo,7043.0,23107.0,Himalayas,Nepal/China
127,Link Sar,7041.0,23100.0,Karakoram,Pakistan
128,Kezhen Peak,7038.0,23091.0,Karakoram,China (Xinjiang)
129,Shah Dhar,7038.0,23091.0,Hindu Kush,Pakistan/Afghanistan
130,Saipal,7031.0,23068.0,Himalayas,Nepal
131,Padmanabh,7030.0,23060.0,Himalayas,India
132,Spantik,7027.0,23054.0,Karakoram,Pakistan
133,Pamri Sar,7016.0,23018.0,Karakoram,Pakistan
134,Khan Tengri,7010.0,23000.0,Tian Shan,Kyrgyzstan-Kazakhstan-China – #2 in Tian Shan
0,Machapuchare,6993.0,22943.0,,"Annapurna Himalaya, Nepal – Officially unclimbed (attempts not allowed)"
1,Laila Peak (Haramosh Valley),6985.0,22917.0,,"Karakoram, Pakistan"
2,Kang Guru,6981.0,22904.0,,"Manaslu Himalaya, Nepal – 2005 avalanche kills 18"
3,Gasherbrum VI,6979.0,22897.0,,"Karakoram, Pakistan"
4,Karun Kuh,6977.0,22890.0,,"Karakoram, Pakistan"
5,Ulugh Muztagh,6973.0,22877.0,,"Kunlun Mountains, Often misquoted as 7,723 m"
6,Aconcagua,6961.0,22838.0,,"Andes, Argentina – Highest in both the Western and Southern Hemispheres, highest outside Asia"
7,Sangemarmar Sar,6949.0,22799.0,,"Karakoram, Pakistan"
8,Kedarnath (mountain),6940.0,22770.0,,"Himalayas, India"
9,K7,6934.0,22749.0,,Karakoram – Pakistan
10,Panchchuli,6904.0,22651.0,,"Himalayas, India"
11,Thalay Sagar,6904.0,22651.0,,"Himalayas, India"
12,Lunkho e Dosare,6901.0,22641.0,,"Hindu Kush, Afghanistan-Pakistan"
13,Lunag Ri,6895.0,22621.0,,"Himalaya, Nepal-China"
14,Ojos del Salado,6891.0,22608.0,,"Andes, Argentina-Chile – Highest volcano on Earth"
15,Siniolchu,6888.0,22598.0,,"Kangchenjunga Himalaya, India (Sikkim)"
16,Kanjiroba,6883.0,22582.0,,"Himalayas, Nepal"
17,Bairiga,6882.0,22579.0,,Kangri Garpo
18,Koyo Zom,6872.0,22546.0,,"Hindu Kush, Pakistan"
19,Nanda Kot,6861.0,22510.0,,"Himalayas, India (Uttarakhand)"
20,Kubi Gangri,6859.0,22503.0,,"Himalayas, Nepal/China"
21,Angel Sar,6858.0,22500.0,,"Karakoram, Pakistan"
22,Bhagirathi Parbat I,6856.0,22493.0,,"Himalayas, India (Uttarakhand)"
23,Jethi Bahurani,6850.0,22470.0,,"Himalayas, Nepal"
24,Chongra Peak,6830.0,22410.0,,"Nanga Parbat Himalaya, Pakistan"
25,Chomo Yummo,6829.0,22405.0,,"Sikkim, India/China"
26,Reo Purgyil,6816.0,22362.0,,"Western Himalaya, India border – Highest in Himachal Pradesh"
27,Ama Dablam,6812.0,22349.0,,"Himalayas, Nepal (Khumbu)"
28,Monte Pissis,6795.0,22293.0,,"Andes, Argentina – Third highest in Western Hemisphere"
29,Kangtega,6782.0,22251.0,,"Himalayas, Nepal"
30,Biarchedi,6781.0,22247.0,,"Karakoram, Pakistan"
31,Huascarán Sur,6768.0,22205.0,,"Andes, Peru – Highest"
32,Cerro Bonete,6759.0,22175.0,,"Andes, Argentina"
33,Nevado Tres Cruces,6749.0,22142.0,,"Andes, Argentina/Chile"
34,Kawagarbo,6740.0,22110.0,,"Hengduan Mountains, China (Yunnan/Tibet)"
35,Llullaillaco,6739.0,22110.0,,"Andes, Argentina/Chile"
36,Cho Polu,6735.0,22096.0,,"Himalayas, Nepal (Khumbu)"
37,Kangju Kangri,6725.0,22064.0,,"Karakoram, India (Ladakh)"
38,Changla,6721.0,22051.0,,"Himalayas, Nepal/China"
39,Mercedario,6720.0,22050.0,,"Andes, Argentina"
40,Mount Pandim,6691.0,21952.0,,"Himalayas, India (Sikkim)"
41,Num Ri,6677.0,21906.0,,"Himalayas, Nepal (Khumbu)"
42,Lungser Kangri,6666.0,21870.0,,"Ladakh, Himalayas, India (Ladakh)"
43,Meru Peak,6660.0,21850.0,,"Himalayas, India"
44,Gul Lasht Zom,6657.0,21841.0,,"Hindu Kush, Pakistan"
45,Huascarán Norte,6655.0,21834.0,,"Andes, Peru"
46,Khumbutse,6640.0,21780.0,,"Himalayas, Nepal (Khumbu)/China – First peak west of Everest"
47,Mount Kailash,6638.0,21778.0,,"Transhimalaya, western China – Officially unclimbed (attempts not allowed)"
48,Yerupajá,6635.0,21768.0,,"Andes, Peru"
49,Nevado Tres Cruces Central,6629.0,21749.0,,"Andes, Chile"
50,Thamserku,6623.0,21729.0,,"Himalayas, Nepal (Khumbu)"
51,Geladaindong Peak,6621.0,21722.0,,"Tanggula, China (Qinghai)"
52,Incahuasi,6621.0,21722.0,,"Andes, Argentina/Chile"
53,Pangpoche,6620.0,21720.0,,"Himalayas, Nepal"
54,Manirang,6597.0,21644.0,,"Himalayas, India (Himachal Pradesh)"
55,Nilkantha,6596.0,21640.0,,"Himalayas, India (Uttarakhand)"
56,Phuparash Peak,6574.0,21568.0,,"Karakoram, Pakistan"
57,Sickle Moon Peak,6574.0,21568.0,,"Himalayas, India (Jammu and Kashmir)"
58,Tupungato,6570.0,21560.0,,"Andes, Argentina/Chile"
59,Buni Zom,6542.0,21463.0,,"Hindu Raj, Pakistan"
60,Nevado Sajama,6542.0,21463.0,,"Andes, Bolivia – Highest"
61,Ghamubar Zom,6518.0,21385.0,,"Hindu Kush, Pakistan"
62,Singu Chuli,6501.0,21329.0,,"Annapurna Himalayas, Nepal"
63,Taboche,6501.0,21329.0,,"Himalayas, Nepal (Khumbu)"
64,Cerro El Muerto,6488.0,21286.0,,"Andes, Argentina/Chile"
65,Mera Peak,6476.0,21247.0,,"Himalayas, Nepal (Khumbu)"
66,Hiunchuli,6441.0,21132.0,,"Annapurna Himalaya, Nepal"
67,Cholatse,6440.0,21130.0,,"Himalayas, Nepal (Khumbu)"
68,Illimani,6438.0,21122.0,,"Andes, Bolivia"
69,Ancohuma,6427.0,21086.0,,"Andes, Bolivia"
70,Coropuna,6425.0,21079.0,,"Andes, Peru"
71,Antofalla,6409.0,21027.0,,"Andes, Argentina"
72,Kang Yatze,6400.0,21000.0,,"Himalayas, India (Ladakh)"
73,Huandoy,6395.0,20981.0,,"Andes, Peru"
74,Ausangate,6384.0,20945.0,,"Andes, Peru"
75,Chapaev Peak,6371.0,20902.0,,"Tian Shan, Kyrgyzstan"
76,Illampu,6368.0,20892.0,,"Andes, Bolivia"
77,Kusum Kangguru,6367.0,20889.0,,"Himalayas, Nepal (Khumbu)"
78,Kinnaur Kailash,6349.0,20830.0,,"Himalayas, Kinnaur, India (Himachal Pradesh)"
79,Parinaquta,6348.0,20827.0,,"Andes, Bolivia/Chile"
80,Siula Grande,6344.0,20814.0,,"Andes, Peru"
81,Bamba Dhura,6334.0,20781.0,,"Himalayas, India (Uttarakhand)"
82,Chinchey,6309.0,20699.0,,"Andes, Peru"
83,Ampato,6288.0,20630.0,,"Andes, Peru"
84,Amne Machin,6282.0,20610.0,,"Kunlun Mountains, China (Qinghai)"
85,Pomerape,6282.0,20610.0,,"Andes, Bolivia/Chile"
86,Palcaraju,6274.0,20584.0,,"Andes, Peru"
87,Salcantay,6271.0,20574.0,,"Andes, Peru"
88,Chimborazo,6267.0,20561.0,,"Andes, Ecuador – Furthest point from Earth's center"
89,Mount Siguniang,6250.0,20510.0,,"Qionglai Mountains, China (Sichuan)"
90,Grid Nie Mountain,6224.0,20420.0,,"Hengduan Mountains, China (Sichuan)"
91,Yuzhu Peak,6224.0,20420.0,,"Kunlun Mountains, China (Qinghai)"
92,Genyen Massif,6204.0,20354.0,,"Shaluli Range, China (Sichuan)"
93,Kongde Ri,6187.0,20299.0,,"Himalayas, Nepal (Khumbu)"
94,Aucanquilcha,6176.0,20262.0,,"Andes, Chile"
95,Imja Tse,6189.0,20305.0,,"Himalayas, Nepal (Khumbu)"
96,Denali (Mount McKinley),6190.0,20310.0,,"Alaska Range, United States (Alaska) – Highest in North America"
97,Stok Kangri,6137.0,20135.0,,"Himalayas, India (Ladakh)"
98,Lobuche,6119.0,20075.0,,"Himalayas, Nepal (Khumbu)"
99,Marmolejo,6108.0,20039.0,,"Andes, Argentina/Chile"
100,Laila Peak (Hushe Valley),6096.0,20000.0,,"Karakoram, Pakistan"
101,Pisang Peak,6091.0,19984.0,,"Annapurna Himalaya, Nepal"
102,Huayna Potosí,6088.0,19974.0,,"Andes, Bolivia"
103,Aracar,6082.0,19954.0,,"Andes, Argentina"
104,Chachakumani,6074.0,19928.0,,"Andes, Bolivia"
105,Chachani,6057.0,19872.0,,"Andes, Peru"
106,Mianzimu,6054.0,19862.0,,"Yunnan, China"
107,Acotango,6052.0,19856.0,,"Andes, Bolivia/Chile"
108,Socompa,6051.0,19852.0,,"Andes, Argentina/Chile"
109,Minglik Sar,6050.0,19850.0,,"Karakoram, Pakistan"
110,Acamarachi,6046.0,19836.0,,"Andes, Chile"
111,Tocllaraju,6034.0,19797.0,,"Andes, Peru"
112,Shayaz,6026.0,19770.0,,"Hindu Kush, Pakistan"
113,Hualca Hualca,6025.0,19767.0,,"Andes, Peru"
114,Uturunku,6020.0,19750.0,,"Andes, Bolivia"
115,Mitre Peak,6010.0,19720.0,,"Karakoram, Pakistan"
0,Laila Peak,5971.0,19590.0,Himalaya,Pakistan
1,Mount Logan,5959.0,19551.0,Saint Elias Mountains,"Yukon, Canada – Highest in Canada"
2,Alpamayo,5947.0,19511.0,Andes,Peru
3,Cerro Lípez,5929.0,19452.0,Andes,Bolivia
4,Licancabur,5920.0,19420.0,Andes,Bolivia/Chile
5,Falak Sar,5918.0,19416.0,Hindu Kush,Pakistan
6,Cotopaxi,5897.0,19347.0,Andes,Ecuador – Second highest in Ecuador
7,Mount Kilimanjaro,5895.0,19341.0,Eastern Rift mountains,Tanzania – Highest in Africa
8,Hkakabo Razi,5881.0,19295.0,Himalayas,Myanmar – Highest in Myanmar and Southeast Asia
9,Nuplia,5878.0,19285.0,Khumbu Himalayas,Nepal
10,Gamlang Razi,5870.0,19260.0,Himalayas,Myanmar
11,San José,5856.0,19213.0,Andes,Chile
12,Nevado Mariposa,5842.0,19167.0,Andes,Peru
13,El Misti,5822.0,19101.0,Andes,Peru
14,Altun Shan,5798.0,19022.0,Altyn-Tagh,"Gansu, China"
15,Cayambe,5790.0,19000.0,Andes,Ecuador – Third highest in Ecuador
16,Pico Cristóbal Colón,5776.0,18950.0,Sierra Nevada de Santa Marta,Colombia – Highest coastal mountain
17,Antisana,5753.0,18875.0,Andes,Ecuador
18,Nevado Pisco,5752.0,18871.0,Andes,Peru
19,Nevado Anallajsi,5750.0,18860.0,Andes,Bolivia
20,Pokalde,5745.0,18848.0,Khumbu Himalayas,Nepal – 7 km SW of Everest
21,Peak 5710,5710.0,18730.0,Himalayas,Myanmar
22,Ubinas,5672.0,18609.0,Andes,Peru – Active volcano (2006)
23,Pichu Pichu,5664.0,18583.0,Andes,Peru
24,Mount Elbrus,5642.0,18510.0,Caucasus Mountains,"North Caucasus, Russia – Highest in Caucasus"
25,Mehrbani Peak,5639.0,18501.0,Karakoram,Pakistan
26,Pico de Orizaba,5636.0,18491.0,Trans-Mexican Volcanic Belt,Mexico – Highest in Mexico
27,Mount Damavand,5610.0,18410.0,Alborz,"Iran – Highest in Iran and ME, highest volcano in Asia"
28,Nevado Mismi,5597.0,18363.0,Andes,Peru – Glacial source of the Amazon River
29,Jade Dragon Snow Mountain,5596.0,18360.0,Hengduan Mountains,"Yunnan, China"
30,Lascar Volcano,5592.0,18346.0,Andes,Chile
31,Mount Xuebaoding,5588.0,18333.0,Min Mountains,"Sichuan, China"
32,Kala Patthar,5545.0,18192.0,Khumbu Himalayas,Nepal – Popular trekking peak
33,Mount Saint Elias,5489.0,18009.0,Saint Elias Mountains,"Yukon, Canada/Alaska, US – Second highest in both countries"
34,Concord Peak,5469.0,17943.0,Pamir Mountains,Afghanistan–Tajikistan
35,Dindaw Razi,5464.0,17927.0,Himalayas,Myanmar
36,Machoi Peak,5458.0,17907.0,Himalaya,India (Jammu and Kashmir)
37,El Plomo,5450.0,17880.0,Andes,Chile
38,Bogda Feng,5445.0,17864.0,Tien Shan,"Xinjiang, China"
39,Mount Little Xuebaoding,5443.0,17858.0,Min Mountains,"Sichuan, China"
40,Cerro El Plomo,5434.0,17828.0,Andes,Chile – Largest peak visible from Santiago on clear days
41,Popocatépetl,5426.0,17802.0,Trans-Mexican Volcanic Belt,Mexico – Second highest in Mexico
42,Kolahoi Peak,5425.0,17799.0,Himalaya,India (Jammu and Kashmir) – Highest in Kashmir Valley
43,Chacaltaya,5421.0,17785.0,Andes,Bolivia
44,Mount Pomiu,5413.0,17759.0,Qionglai Range,"Sichuan, China"
45,Ritacuba Blanco,5410.0,17750.0,Andes,Colombia
46,Haba Xueshan,5396.0,17703.0,Himalaya,"Yunnan, China"
47,Nevado del Ruiz,5389.0,17680.0,Andes,"Colombia – 23,000 people died in 1985 eruption"
48,Nevado del Huila,5364.0,17598.0,Andes,Colombia
49,El Altar,5320.0,17450.0,Andes,Ecuador
50,Mount Foraker,5304.0,17402.0,Alaska Range,"Alaska, US"
51,Mount Haramukh,5300.0,17400.0,Himalaya,India (Jammu and Kashmir)
52,Nevado del Tolima,5276.0,17310.0,Andes,Colombia
53,Maipo,5264.0,17270.0,Andes,Argentina/Chile
54,Illiniza,5248.0,17218.0,Andes,Ecuador
55,Point 5240,5240.0,17190.0,Himalaya,"Ladakh, India"
56,Sirbal Peak,5236.0,17178.0,Himalaya,"Kashmir Valley, India (Jammu and Kashmir)"
57,Sangay,5230.0,17160.0,Andes,Ecuador
58,Iztaccíhuatl,5230.0,17160.0,Trans-Mexican Volcanic Belt,Mexico – Third highest in Mexico
59,Mount Lucania,5226.0,17146.0,Saint Elias Mountains,"Yukon, Canada – Third highest in Canada"
60,Karakol Peak,5216.0,17113.0,Tian Shan,Kyrgyzstan
61,Dykh-Tau,5205.0,17077.0,Caucasus Mountains,"North Caucasus, Russia – Second highest in the Caucasus"
62,Shkhara,5201.0,17064.0,Caucasus Mountains,Georgia – Highest in Georgia
63,Vinicunca,5200.0,17100.0,Andes,Peru
64,Mount Kenya,5199.0,17057.0,Eastern Rift mountains,Kenya – Highest in Kenya
65,Malika Parbat,5190.0,17030.0,Himalaya,"Kaghan Valley, Pakistan – Highest in Kaghan Valley of Pakistan"
66,Amarnath Peak,5186.0,17014.0,Himalaya,"Kashmir Valley, India (Jammu and Kashmir)"
67,Laram Q'awa (Charaña),5182.0,17001.0,Andes,Bolivia
68,King Peak,5173.0,16972.0,Saint Elias Mountains,"Yukon, Canada – Fourth highest in Canada"
69,Boris Yeltsin Peak,5168.0,16955.0,Teskey Ala-Too,Kyrgyzstan
70,Koshtan-Tau,5150.0,16900.0,Caucasus Mountains,"North Caucasus, Russia"
71,Mount Ararat,5137.0,16854.0,,Turkey – Highest in Turkey
72,Mount Stanley,5109.0,16762.0,Ruwenzori Mountains,Democratic Republic of the Congo/Uganda – Third highest in Africa
73,Tami Razi,5101.0,16736.0,Himalayas,Myanmar
74,Mount Steele,5073.0,16644.0,Saint Elias Mountains,"Yukon, Canada – Fifth highest in Canada"
75,Janga,5051.0,16572.0,Caucasus Mountains,"Georgia / North Caucasus, Russia – Second highest in Georgia"
76,Mount Kazbek,5055.0,16585.0,Caucasus Mountains,Georgia – Third highest in the country
77,Tungurahua,5023.0,16480.0,Andes,Ecuador – Active volcano
78,Carihuairazo,5018.0,16463.0,Andes,Ecuador
79,Mount Bona,5005.0,16421.0,Saint Elias Mountains,"Alaska, US – Also given as 5,030 m or 5,045m"
0,Mount Blackburn,4996.0,16391.0,,"Wrangell Mtns., Alaska, US (also given 5036 m)"
1,Pico Bolívar,4981.0,16342.0,,"Sierra Nevada de Mérida, Andes, Venezuela – Highest in Venezuela"
2,Talgar Peak,4979.0,16335.0,,"Tian Shan, Kazakhstan – Highest in northern Tian Shan"
3,Shota Rustaveli Peak,4960.0,16270.0,,"Caucasus Mountains, Svaneti, Georgia/North Caucasus, Russia"
4,Mount Sanford,4949.0,16237.0,,"Wrangell Mtns., Alaska, US"
5,Pico Humboldt,4940.0,16210.0,,"Sierra Nevada de Mérida, Andes, Venezuela"
6,Pin Bhaba Pass,4930.0,16170.0,,"Pin Valley/Spiti Valley, Himalayas, India"
7,Vinson Massif,4892.0,16050.0,,"Sentinel Range, Ellsworth Mountains, Antarctica – Highest in Antarctica"
8,Pico Bonpland,4890.0,16040.0,,"Sierra Nevada de Mérida, Andes, Venezuela"
9,Mount Speke,4890.0,16040.0,,"Ruwenzori Mountains National Park, Uganda, Uganda"
10,Puncak Jaya,4884.0,16024.0,,"Sudirman Range, Papua, Indonesia – Highest in Indonesia"
11,Pico La Concha,4870.0,15980.0,,"Sierra Nevada de Mérida, Andes, Venezuela"
12,Gistola,4860.0,15940.0,,"Caucasus Mountains, Svaneti, Georgia"
13,Tetnuldi,4858.0,15938.0,,"Caucasus Mountains, Svaneti, Georgia"
14,Mount Tyree,4852.0,15919.0,,"Sentinel Range, Ellsworth Mountains, Antarctica – Second highest in Antarctica"
15,Huaynaputina,4850.0,15910.0,,"Andes, Peru"
16,Alam Kuh,4850.0,15910.0,,"Alborz, Iran – Second highest in Iran"
17,Mount Wood,4842.0,15886.0,,"Saint Elias Mountains, Yukon, Canada"
18,Mount Vancouver,4812.0,15787.0,,"Saint Elias Mountains, Yukon, Canada"
19,Sabalan,4811.0,15784.0,,Iran
20,Mont Blanc,4810.0,15780.0,,"Mont Blanc massif, France/Italy – Highest in Alps"
21,Corazón,4790.0,15720.0,,"Andes, Ecuador"
22,Pichincha,4784.0,15696.0,,"Andes, Ecuador"
23,Jimara,4780.0,15680.0,,"Khokh Range, Caucasus Mountains, Georgia"
24,Mount Churchill,4766.0,15636.0,,"Saint Elias Mountains, Alaska, US"
25,Cumbal,4764.0,15630.0,,"Nudo de los Pastos, Colombia"
26,Puncak Mandala,4760.0,15620.0,,"Papua, Indonesia"
27,Klyuchevskaya Sopka,4750.0,15580.0,,"Kamchatka, Russia"
28,Puncak Trikora,4750.0,15580.0,,"Papua, Indonesia"
29,Mont Blanc de Courmayeur,4748.0,15577.0,,"Mont Blanc massif, France/Italy"
30,Sunset Peak,4745.0,15568.0,,"Himalaya, Kashmir Valley, India (Jammu and Kashmir)"
31,Mount Slaggard,4742.0,15558.0,,"Saint Elias Mountains, Canada"
32,Pico Piedras Blancas,4740.0,15550.0,,"Sierra de la Culata, Andes, Venezuela"
33,Pico El Toro,4730.0,15520.0,,"Andes, Venezuela"
34,Tatakooti Peak,4725.0,15502.0,,"Himalaya, Kashmir Valley, India (Jammu and Kashmir)"
35,Rumiñahui,4721.0,15489.0,,"Andes, Ecuador"
36,Pico El Leon,4720.0,15490.0,,"Andes, Venezuela"
37,Ushba,4710.0,15450.0,,"Caucasus Mountains, Svaneti, Georgia"
38,Volcán Domuyo,4709.0,15449.0,,"Andes, Argentina"
39,Chiles,4698.0,15413.0,,"Nudo de los Pastos, Colombia/Ecuador"
40,Pico Pan de Azucar,4680.0,15350.0,,"Sierra de la Culata, Andes, Venezuela"
41,Naltar Peak,4678.0,15348.0,,Pakistan
42,Mount Fairweather,4663.0,15299.0,,"Fairweather Range, Alaska, US"
43,Pico Mucuñuque,4660.0,15290.0,,"Andes, Venezuela"
44,Khazret Sultan,4643.0,15233.0,,"Gissar Range, Uzbekistan"
45,Sierra Negra,4640.0,15220.0,,Mexico
46,Dufourspitze (Monte Rosa),4634.0,15203.0,,"Pennine Alps, Switzerland – Highest point in Switzerland"
47,Dunantspitze (Monte Rosa),4632.0,15197.0,,"Pennine Alps, Switzerland"
48,Nordend (Monte Rosa),4609.0,15121.0,,"Pennine Alps, Switzerland-Italy"
49,Mount Gessi,4578.0,15020.0,,Rwenzori
50,Mount Hubbard,4577.0,15016.0,,Saint Elias Mountains
51,Nevado de Toluca,4577.0,15016.0,,Mexico
52,Mount Meru,4566.0,14980.0,,Tanzania
53,Zumsteinspitze (Monte Rosa),4563.0,14970.0,,"Pennine Alps, Switzerland-Italy"
54,Signalkuppe (Monte Rosa),4554.0,14941.0,,"Pennine Alps, Switzerland-Italy"
55,Dom,4545.0,14911.0,,"Pennine Alps, Switzerland"
56,Ras Dashen,4533.0,14872.0,,Ethiopia – Highest point in Ethiopia
57,Eastern Liskamm (Lyskamm),4533.0,14872.0,,"Pennine Alps, Switzerland-Italy"
58,Mount Bear,4521.0,14833.0,,"Saint Elias Mountains, Alaska, US"
59,Mount Wilhelm,4509.0,14793.0,,"Bismarck Range, Papua New Guinea"
60,Mount Karisimbi,4507.0,14787.0,,"Virunga Mountains, Rwanda/DRC"
61,Mount Walsh,4507.0,14787.0,,"Saint Elias Mountains, Canada"
62,Belukha Mountain,4506.0,14783.0,,"Altay Mountains, Russia"
63,Weisshorn,4506.0,14783.0,,"Pennine Alps, Switzerland"
64,Tebulosmta,4493.0,14741.0,,"Caucasus Mountains, Georgia/Chechnya, Russia"
65,Täschhorn,4491.0,14734.0,,"Pennine Alps, Switzerland"
66,Bazarduzu Dagi,4485.0,14715.0,,Azerbaijan
67,Matterhorn,4478.0,14692.0,,"Pennine Alps, Switzerland/Italy"
68,Mount Rutford,4477.0,14688.0,,"Sentinel Range, Ellsworth Mountains, Antarctica"
69,Mont Maudit,4465.0,14649.0,,"Mont Blanc massif, France/Italy"
70,Donguzorun,4454.0,14613.0,,"Caucasus Mountains, Georgia/Russia"
71,Mount Shani,4451.0,14603.0,,"Caucasus Mountains, Georgia/Russia"
72,Dena,4448.0,14593.0,,"Zagros Mountains, Iran"
73,Vladimir Putin Peak,4446.0,14587.0,,"Kyrgyz Alatau, Kyrgyzstan"
74,Cerro Negro de Mayasquer,4445.0,14583.0,,"Nudo de los Pastos, Colombia/Ecuador"
75,Mount Hunter,4442.0,14573.0,,"Alaska Range, Alaska, US"
76,Parrotspitze (Monte Rosa),4432.0,14541.0,,"Pennine Alps, Switzerland-Italy"
77,La Malinche,4430.0,14530.0,,"Cordillera Neovolcanica, Mexico"
78,Mount Whitney,4421.0,14505.0,,"Sierra Nevada, California, US"
79,Mount Alverstone,4420.0,14500.0,,"Saint Elias Mountains, Alaska, US/Yukon, Canada"
80,University Peak,4411.0,14472.0,,"Saint Elias Mountains, Alaska, US"
81,Aello Peak,4403.0,14446.0,,"Saint Elias Mountains, Alaska, US"
82,Mount Elbert,4402.0,14442.0,,"Sawatch Range, Colorado, US"
83,Mount Massive,4395.0,14419.0,,"Sawatch Range, Colorado, US"
84,Mount Harvard,4395.0,14419.0,,"Sawatch Range, Colorado, US"
85,Mount Rainier,4392.0,14409.0,,"Cascades, Washington, US"
86,Apharwat Peak,4390.0,14400.0,,"Gulmarg, India (Jammu and Kashmir)"
87,Kholeno,4387.0,14393.0,,"Alborz, Iran"
88,Mount Williamson,4382.0,14377.0,,"Sierra Nevada, California, US"
89,Tavan Bogd Uul,4374.0,14350.0,,"Bayan-Ölgii Province, Mongolia – Highest point in Mongolia"
90,Blanca Peak,4374.0,14350.0,,"Rocky Mountains, Colorado, US"
91,La Plata Peak,4372.0,14344.0,,"Sawatch Range, Colorado, US"
92,Mount Giluwe,4368.0,14331.0,,Papua New Guinea
93,Burchula,4364.0,14318.0,,"Caucasus Mountains, Georgia"
94,Uncompahgre Peak,4361.0,14308.0,,"San Juan Mountains, Colorado, US"
95,Dent Blanche,4357.0,14295.0,,"Pennine Alps, Switzerland"
96,Crestone Peak,4357.0,14295.0,,"Sangre de Cristo Range, Colorado, US"
97,Khüiten Peak,4356.0,14291.0,,"Altai Range, Mongolia, China"
98,Mount Lincoln,4354.0,14285.0,,"Mosquito Range, Colorado, US"
99,Azad Kuh,4355.0,14288.0,,"Alborz, Iran"
100,Grays Peak,4350.0,14270.0,,"Front Range, Colorado, US"
101,Mount Blue Sky,4350.0,14270.0,,"Front Range, Colorado, US"
102,Quandary Peak,4350.0,14270.0,,"Tenmile Range, Colorado, US"
103,Lalveri,4350.0,14270.0,,"Caucasus Mountains, Svaneti, Georgia"
104,Mount Antero,4349.0,14268.0,,"Sawatch Range, Colorado, US"
105,Torreys Peak,4349.0,14268.0,,"Front Range, Colorado, US"
106,Castle Peak,4348.0,14265.0,,"Elk Mountains, Colorado, US"
107,Longs Peak,4346.0,14259.0,,"Front Range, Colorado, US"
108,McArthur Peak,4344.0,14252.0,,"Saint Elias Mountains, Yukon"
109,Mount Wilsion,4342.0,14245.0,,"San Juan Mountains, Colorado, US"
110,White Mountain Peak,4342.0,14245.0,,"White Mountains, California, US"
111,North Palisade,4341.0,14242.0,,"Sierra Nevada, California, US"
112,Ludwigshöhe (Monte Rosa),4341.0,14242.0,,"Pennine Alps, Switzerland-Italy"
113,Mount Shavano,4337.0,14229.0,,"Sawatch Range, Colorado, US"
114,Colima,4330.0,14210.0,,Mexico
115,Crestone Needle,4327.0,14196.0,,"Sangre de Cristo Range, Colorado, US"
116,Mount Belford,4327.0,14196.0,,"Sawatch Range, Colorado, US"
117,Mount Princeton,4327.0,14196.0,,"Sawatch Range, Colorado, US"
118,Mount Shasta,4322.0,14180.0,,"California, US"
119,Mount Elgon,4321.0,14177.0,,Uganda-Kenya
120,Mount Bross,4320.0,14170.0,,"Mosquito Range, Colorado, US"
121,Kit Carson Mountain,4318.0,14167.0,,"Sangre de Cristo Range, Colorado, US"
122,Mount Wrangell,4317.0,14163.0,,"Alaska, US"
123,Maroon Peak,4315.0,14157.0,,"Elk Mountains, Colorado, US"
124,Tabeguache Peak,4315.0,14157.0,,"Sawatch Range, Colorado, US"
125,El Diente Peak,4315.0,14157.0,,"San Juan Mountains, Colorado, US"
126,Mount Sill,4314.0,14154.0,,"Sierra Nevada, California, US"
127,Grand Combin,4313.0,14150.0,,"Pennine Alps, Switzerland"
128,Mount Oxford (Colorado),4313.0,14150.0,,"Sawatch Range, Colorado, US"
129,Mount Sneffels,4312.0,14147.0,,"San Juan Mountains, Colorado, US"
130,Mount Democrat,4312.0,14147.0,,"Mosquito Range, Colorado, US"
131,Capitol Peak,4307.0,14131.0,,"Elk Mountains, Colorado, US"
132,Pikes Peak,4302.0,14114.0,,"Front Range, Colorado, US"
133,Mount Russell,4296.0,14094.0,,"Sierra Nevada, California, US"
134,Snowmass Mountain,4295.0,14091.0,,"Elk Mountains, Colorado, US"
135,Lenzspitze,4294.0,14088.0,,"Pennine Alps, Switzerland"
136,Mount Eolus,4292.0,14081.0,,"San Juan Mountains, Colorado, US"
137,Windom Peak,4292.0,14081.0,,"San Juan Mountains, Colorado, US"
138,Challenger Point,4292.0,14081.0,,"Sangre de Cristo Range, Colorado, US"
139,Mount Columbia,4291.0,14078.0,,"Sawatch Range, Colorado, US"
140,Mount Adishi,4290.0,14070.0,,"Caucasus Mountains, Svaneti, Georgia"
141,Mount Augusta,4290.0,14070.0,,"Saint Elias Mountains, Alaska, US"
142,Humboldt Peak (Colorado),4287.0,14065.0,,"Sangre de Cristo Range, Colorado, US"
143,Split Mountain,4287.0,14065.0,,"Sierra Nevada, California, US"
144,Mount Bierstadt,4286.0,14062.0,,"Front Range, Colorado, US"
145,Diklosmta,4285.0,14058.0,,"Caucasus Mountains, Tusheti, Georgia"
146,Sunlight Peak,4285.0,14058.0,,"San Juan Mountains, Colorado, US"
147,Mount Sidley,4285.0,14058.0,,"Volcanic Seven Summits, Antarctica"
148,Missouri Mountain,4282.0,14049.0,,"Sawatch Range, Colorado, US"
149,Culebra Peak,4282.0,14049.0,,"Colorado, US"
150,Handies Peak,4281.0,14045.0,,"San Juan Mountains, Colorado, US"
151,Ellingwood Point,4280.0,14040.0,,"Sangre de Cristo Range, Colorado, US"
152,Mount Lindsey,4280.0,14040.0,,"Sangre de Cristo Range, Colorado, US"
153,Little Bear Peak,4279.0,14039.0,,"Sangre de Cristo Range, Colorado, US"
154,Mount Sherman,4278.0,14035.0,,"Mosquito Range, Colorado, US"
155,Redcloud Peak,4277.0,14032.0,,"San Juan Mountains, Colorado, US"
156,Galeras,4276.0,14029.0,,"Nudo de los Pastos, Colombia"
157,Mount Langley,4275.0,14026.0,,"Sierra Nevada, California, US"
158,Finsteraarhorn,4274.0,14022.0,,"Bernese Alps, Switzerland"
159,Pyramid Peak,4273.0,14019.0,,"Elk Mountains, Colorado, US"
160,Mount Tyndall,4273.0,14019.0,,"Sierra Nevada, California, US"
161,Wilson Peak,4272.0,14016.0,,"San Juan Mountains, Colorado, US"
162,Mount Muir,4272.0,14016.0,,"Sierra Nevada, California, US"
163,San Luis Peak,4271.0,14012.0,,"San Juan Mountains, Colorado, US"
164,Wetterhorn Peak,4271.0,14012.0,,"San Juan Mountains, Colorado, US"
165,Middle Palisade,4271.0,14012.0,,"Sierra Nevada, California, US"
166,Huron Peak,4269.0,14006.0,,"Sawatch Range, Colorado, US"
167,Mount of the Holy Cross,4269.0,14006.0,,"Sawatch Range, Colorado, US"
168,Thunderbolt Peak,4268.0,14003.0,,"Sierra Nevada, California, US"
169,Sunshine Peak,4268.0,14003.0,,"San Juan Mountains, Colorado, US"
170,Mount Strickland,4260.0,13980.0,,"Saint Elias Mountains, Yukon, Canada"
171,Pigeon Peak,4259.0,13973.0,,"San Juan Mountains, Colorado, US"
172,Mount Kennedy,4250.0,13940.0,,"Saint Elias Mountains, Yukon, Canada"
173,Pointe Bayeux,4258.0,13970.0,,"Graian Alps, Mont Blanc massif, France"
174,Mont Blanc du Tacul,4248.0,13937.0,,"Graian Alps, Mont Blanc massif, France"
175,Stecknadelhorn,4241.0,13914.0,,"Pennine Alps, Switzerland"
176,Nevado de Colima,4240.0,13910.0,,"cordillère Néovolcanique, Mexico"
177,Phoenix Peak,4237.0,13901.0,,"San Juan Mountains, Colorado, US"
178,Avalanche Peak,4228.0,13871.0,,"Saint Elias Mountains, Yukon, Canada"
179,Castor,4223.0,13855.0,,"Pennine Alps, Switzerland"
180,Zinalrothorn,4221.0,13848.0,,"Pennine Alps, Switzerland"
181,Volcán Tajumulco,4220.0,13850.0,,Guatemala
182,Hohberghorn,4219.0,13842.0,,"Pennine Alps, Switzerland"
183,Turret Peak,4217.0,13835.0,,"Needle Mountains, Colorado, US"
184,Mount Darwin,4216.0,13832.0,,"Sierra Nevada, California, US"
185,Mount Hayes,4216.0,13832.0,,"Alaska, US"
186,Sacabaya,4215.0,13829.0,,Bolivia
187,Grandes Jorasses,4208.0,13806.0,,"Mont Blanc massif, France/Italy"
188,Gannett Peak,4208.0,13806.0,,"Wind River Range, Wyoming, US"
189,Mauna Kea,4207.0,13802.0,,"Hawaii, US"
190,Alphubel,4206.0,13799.0,,"Pennine Alps, Switzerland"
191,Cofre de Perote,4201.0,13783.0,,Mexico
192,Zard-Kuh,4200.0,13800.0,,"Zagros Mountains, Iran"
193,Shah Alborz,4200.0,13800.0,,"Alborz, Iran"
194,Rimpfischhorn,4199.0,13776.0,,"Pennine Alps, Switzerland"
195,Grand Teton,4199.0,13776.0,,"Teton Range, Wyoming, US"
196,Mount Cook,4196.0,13766.0,,"Saint Elias Mountains, Canada/US"
197,Aletschhorn,4192.0,13753.0,,"Bernese Alps, Switzerland"
198,Strahlhorn,4190.0,13750.0,,"Pennine Alps, Switzerland"
199,Fremont Peak,4189.0,13743.0,,"Wind River Range, Wyoming, US"
200,Mount Warren,4182.0,13720.0,,"Wind River Range, Wyoming, US"
201,Mount Sidley,4181.0,13717.0,,Antarctica
202,Mount Abbot,4180.0,13710.0,,"California, US"
203,Dent d'Hérens,4171.0,13684.0,,"Pennine Alps, Switzerland"
204,Mauna Loa,4171.0,13684.0,,"Hawaii, US"
205,Jbel Toubkal,4167.0,13671.0,,"Atlas Mountains, Morocco"
206,Mount Minto,4165.0,13665.0,,Antarctica
207,Breithorn (Western Summit),4164.0,13661.0,,"Pennine Alps, Switzerland/Italy"
208,Jungfrau,4158.0,13642.0,,"Bernese Alps, Switzerland"
209,Bishorn,4153.0,13625.0,,"Pennine Alps, Switzerland"
210,Mount Helen,4151.0,13619.0,,"Wind River Range, Wyoming, US"
211,El Mela,4150.0,13620.0,,"Andes, Argentina"
212,Mount Quincy Adams,4150.0,13620.0,,"Fairweather Range, Canada/US"
213,Doublet Peak,4145.0,13599.0,,"Wind River Range, Wyoming, US"
214,Turret Peak,4145.0,13599.0,,"Wind River Range, Wyoming, US"
215,Doña Juana,4137.0,13573.0,,"Nudo de los Pastos, Colombia"
216,Mount Parnassus,4137.0,13573.0,,"Front Range, Rocky Mountains, Colorado, US"
217,Mount Sacagawea,4136.0,13570.0,,"Wind River Range, Wyoming, US"
218,Mount Dubois,4135.0,13566.0,,"White Mountains, California, US"
219,Mount Muhabura,4127.0,13540.0,,"Virunga Mountains, Musanze, Rwanda"
220,Kings Peak,4125.0,13533.0,,"Uinta Range, Utah, US"
221,Aiguille Verte,4122.0,13524.0,,"Mont Blanc massif, France"
222,Mount Bangeta,4121.0,13520.0,,Papua New Guinea
223,Mount Dickerson,4120.0,13520.0,,"Queen Alexandra Range, Antarctica"
224,Jackson Peak,4120.0,13520.0,,"Wind River Range, Wyoming, US"
225,Cilo Dağı,4116.0,13504.0,,"Cilo Range, Eastern Taurus, Turkey"
226,Mount Woodrow Wilson,4115.0,13501.0,,"Wind River Range, Wyoming, US"
227,Aiguilles du Diable,4114.0,13497.0,,"Graian Alps, Mont Blanc massif, France"
228,Bastion Peak,4113.0,13494.0,,"Wind River Range, Wyoming"
229,Aiguille Blanche de Peuterey,4112.0,13491.0,,"Mont Blanc massif, Italy"
230,Mönch,4107.0,13474.0,,"Bernese Alps, Switzerland"
231,Chipeta Mountain,4106.0,13471.0,,"Sawatch Range, Colorado, US"
232,Mount Febbas,4105.0,13468.0,,"Wind River Range, Wyoming, US"
233,Barre des Écrins,4102.0,13458.0,,"Dauphiné Alps, France"
234,Mount Aragats,4095.0,13435.0,,Armenia
235,Mount Cameroon,4095.0,13435.0,,Cameroon
236,Mount Kinabalu,4095.0,13435.0,,"Sabah, Malaysia – Highest in Malaysia"
237,Grizzly Peak D,4093.0,13428.0,,"Front Range, Rocky Mountains, Colorado, US"
238,Pollux,4092.0,13425.0,,"Pennine Alps, Switzerland"
239,Mount Wade,4085.0,13402.0,,"Prince Olav Mountains, Antarctica"
240,Nairamdal Peak,4082.0,13392.0,,"Altai Mountains, Mongolia"
241,Mount Victoria,4072.0,13360.0,,Papua New Guinea
242,Azufral,4070.0,13350.0,,"Nudo de los Pastos, Colombia"
243,Centennial Peak,4070.0,13350.0,,"Prince Olav Mountains, Antarctica"
244,Gran Paradiso,4061.0,13323.0,,"Graian Alps, Italy"
245,Mount Süphan,4058.0,13314.0,,Turkey
246,Ober Gabelhorn,4053.0,13297.0,,"Pennine Alps, Switzerland"
247,Piz Bernina,4049.0,13284.0,,"Bernina Alps, Switzerland"
248,Fiescherhorn,4049.0,13284.0,,"Bernese Alps, Switzerland"
249,Grünhorn,4043.0,13264.0,,"Bernese Alps, Switzerland"
250,Lauteraarhorn,4042.0,13261.0,,"Bernese Alps, Switzerland"
251,Aiguille du Géant,4035.0,13238.0,,"Graian Alps, Mont Blanc massif, France"
252,Mount Silverthrone,4030.0,13220.0,,"Alaska Range, Alaska, US"
253,Mount Sniktau,4034.0,13235.0,,"Front Range, Rocky Mountains, Colorado, US"
254,Fairview Peak,4028.0,13215.0,,"Sawatch Range, Colorado, US"
255,Allalinhorn,4027.0,13212.0,,"Pennine Alps, Switzerland"
256,Wind River Peak,4021.0,13192.0,,"Wind River Range, Wyoming, US"
257,Latsga,4019.0,13186.0,,"Caucasus Mountains, Svaneti, Georgia"
258,Weissmies,4017.0,13179.0,,"Pennine Alps, Switzerland"
259,Mount Waddington,4016.0,13176.0,,"British Columbia, Canada"
260,Mount Marcus Baker,4016.0,13176.0,,"Chugach Range, Alaska, US"
261,Deavgay,4016.0,13176.0,,"Rutulsky District, Dagestan, Russia"
262,Conejos Peak,4015.0,13173.0,,"San Juan Mountains, Colorado, US"
263,Dent du Géant,4013.0,13166.0,,"Mont Blanc massif, France/Italy"
264,Red Slate Mountain,4013.0,13166.0,,"Sierra Nevada, California, US"
265,Cloud Peak,4013.0,13166.0,,"Big Horn Mountains, Wyoming, US"
266,Wheeler Peak,4012.0,13163.0,,"Sangre de Cristo Mountains, New Mexico, US"
267,Lagginhorn,4010.0,13160.0,,"Pennine Alps, Switzerland"
268,Twilight Peak,4010.0,13160.0,,"San Juan Mountains, Colorado, US"
269,Francs Peak,4009.0,13153.0,,"Absaroka Range, Wyoming, US"
270,Mount Lahili,4009.0,13153.0,,"Svaneti Range, Svaneti, Georgia"
271,Mount Walter,4005.0,13140.0,,"New Mexico, US"
272,Les Droites,4000.0,13000.0,,"Mont Blanc massif, France"
0,Piz Zupò,3995.0,13107.0,,"Bernina Range, Switzerland"
1,Truchas Peak,3994.0,13104.0,,"Sangre de Cristo Mountains, New Mexico"
2,Fletschhorn,3993.0,13100.0,,"Pennine Alps, Switzerland"
3,Mount Albert Edward,3990.0,13090.0,,Papua New Guinea
4,La Meije,3987.0,13081.0,,"Dauphiné Alps, France"
5,Wheeler Peak,3982.0,13064.0,,"Snake Range, Nevada"
6,Mount Dana,3981.0,13061.0,,California
7,Acatenango,3976.0,13045.0,,Guatemala
8,Piz Roseg,3973.0,13035.0,,"Bernina Range, Switzerland"
9,Piz Scerscen,3971.0,13028.0,,"Bernina Range, Switzerland"
10,Eiger,3967.0,13015.0,,"Bernese Oberland, Switzerland"
11,Mount Tochal,3964.0,13005.0,,"Alborz, Iran"
12,Black Tooth Mountain,3964.0,13005.0,,"Bighorn Mountains, Wyoming"
13,Grand Cornier,3962.0,12999.0,,"Pennine Alps, Switzerland"
14,Mount Owen,3957.0,12982.0,,"Teton Range, Wyoming"
15,Ailefroide,3954.0,12972.0,,"Dauphiné Alps, France"
16,Mount Robson,3954.0,12972.0,,Highest point in the Canadian Rockies
17,Descabezado Grande,3953.0,12969.0,,Chile
18,Yu Shan (Mount Jade),3952.0,12966.0,,Highest point in Taiwan and East Asia
19,Mont Pelvoux,3946.0,12946.0,,"Dauphiné Alps, France"
20,Mount Julian,3940.0,12930.0,,"Colorado, United States"
21,Mount Khalatsa,3938.0,12920.0,,"Disputed, South Ossetia or Georgia"
22,Mount Kaçkar,3937.0,12917.0,,"Black Sea Region, Turkey"
23,Ajusco,3930.0,12890.0,,Mexico
24,Little Ararat,3925.0,12877.0,,Turkey
25,Mount Erciyes,3916.0,12848.0,,"Central Anatolia, Turkey"
26,Bomber Mountain,3914.0,12841.0,,"Bighorn Range, Wyoming, United States"
27,Pic Sans Nom,3919.0,12858.0,,"Dauphiné Alps, France"
28,Ortler,3905.0,12812.0,,Italy South Tyrol
29,Piz Palü,3905.0,12812.0,,"Bernina Range, Switzerland"
30,Mount Kaputjugh,3905.0,12812.0,,Armenia
31,Middle Teton,3903.0,12805.0,,"Teton Range, Wyoming"
32,Aiguille d'Argentière,3902.0,12802.0,,"Mont Blanc massif, France/Switzerland"
33,Granite Peak,3901.0,12799.0,,"Montana, US – Highest point"
34,Mount Gibbs,3893.0,12772.0,,"Sierra Nevada, California, US"
35,Mount Crillon,3879.0,12726.0,,"Fairweather Range, Alaska, US"
36,Mont Blanc de Cheilon,3870.0,12700.0,,"Pennine Alps, Switzerland"
37,Aiguille du Goûter,3863.0,12674.0,,"Graian Alps, Mont Blanc massif, France"
38,Borah Peak,3861.0,12667.0,,"Idaho, US – Highest point"
39,Grande Casse,3855.0,12648.0,,"Vanoise Massif, France"
40,Humphreys Peak,3852.0,12638.0,,"Arizona, US – Highest point"
41,Santa Fe Baldy,3847.0,12621.0,,"Sangre de Cristo Mountains, New Mexico"
42,Mount Baldwin,3845.0,12615.0,,"Sierra Nevada, California, US"
43,Aiguille du Midi,3842.0,12605.0,,"Graian Alps, Mont Blanc Massif, France"
44,Mount Moran,3842.0,12605.0,,"Wyoming, US"
45,Monte Viso,3841.0,12602.0,,Italian Alps
46,Sauyr Zhotasy,3840.0,12600.0,,Kazakhstan
47,Mount Saramati,3826.0,12552.0,,"Patkai Range, Highest in Nagaland, India"
48,Nesthorn,3822.0,12539.0,,"Bernese Alps, Switzerland"
49,Cerro Chirripó,3820.0,12530.0,,Highest in Costa Rica
50,Aiguille des Glaciers,3816.0,12520.0,,"Mont Blanc massif, France/Italy"
51,South Teton,3814.0,12513.0,,"Teton Range, Wyoming"
52,Mount Kerinci,3800.0,12500.0,,Highest volcano in Indonesia
53,Grossglockner,3798.0,12461.0,,Austria – Highest point
54,Pigne d'Arolla,3796.0,12454.0,,"Pennine Alps, Switzerland"
55,Mount Erebus,3794.0,12448.0,,Antarctica – Southernmost active volcano
56,Mont Pourri,3779.0,12398.0,,"Vanoise Massif, France"
57,Mount Fuji,3776.0,12388.0,,Japan – Highest in Japan
58,Wildspitze,3774.0,12382.0,,Austria
59,Greenhorn Mountain,3763.0,12346.0,,"Wet Mountains, Colorado, US"
60,Volcán de Fuego,3763.0,12346.0,,Guatemala
61,Mount Villard,3760.0,12340.0,,"Montana, US"
62,Teewinot Mountain,3757.0,12326.0,,"Teton Range, Wyoming, US"
63,Demirkazık Peak,3756.0,12323.0,,"Taurus Mountains, Turkey"
64,Aiguille du Dru,3754.0,12316.0,,"Graian Alps, France"
65,Aoraki / Mount Cook,3754.0,12316.0,,New Zealand – Highest point in New Zealand
66,Pointe de Charbonnel,3752.0,12310.0,,"Graian Alps, France"
67,Piz Morteratsch,3751.0,12306.0,,"Bernina Range, Switzerland"
68,Sawtooth Mountain,3750.0,12300.0,,"Front Range, Colorado, US"
69,Mount Davis,3750.0,12300.0,,"California, US"
70,Mount Morrison,3750.0,12300.0,,"California, US"
71,Mount Taibai,3750.0,12300.0,,"Qin Mountains, China – Highest point east of Tibetan massif"
72,Aiguille de la Grande Sassière,3747.0,12293.0,,"Graian Alps, France"
73,Lanín,3747.0,12293.0,,"Andes, Chile/Argentina"
74,Mount Adams,3743.0,12280.0,,"Cascade Range, Washington, US"
75,Mount Columbia,3747.0,12293.0,,Canadian Rockies – Highest in Alberta
76,Mount Adams,3743.0,12280.0,,"Washington, US"
77,Teepe Pillar,3739.0,12267.0,,"Teton Range, Wyoming, US"
78,Weißkugel,3739.0,12267.0,,"Alps, Austria/Italy"
79,Minarets,3735.0,12254.0,,"Sierra Nevada, California"
80,Mount Huntington,3731.0,12241.0,,"Alaska Range, Alaska, US"
81,Mount Rinjani,3726.0,12224.0,,Indonesia
82,Asperity Mountain,3723.0,12215.0,,Waddington Range
83,Cerro del Potosí,3721.0,12208.0,,Mexico
84,Diamond Peak,3719.0,12201.0,,"Idaho, US"
85,Teide,3718.0,12198.0,,Canary Islands – Highest in Spain
86,Cerro de la Viga,3712.0,12178.0,,Mexico
87,Delano Peak,3711.0,12175.0,,"Utah, US - Highest peak in the Tushar Mountains"
88,Sahand,3707.0,12162.0,,"East Azerbaijan, Iran"
89,Monte San Lorenzo,3706.0,12159.0,,"Patagonia, Argentina-Chile"
90,Wetterhorn,3701.0,12142.0,,"Bernese Alps, Switzerland"
91,Mount Valhalla,3699.0,12136.0,,"Alaska, US"
92,Dent Parrachée,3697.0,12129.0,,"Vanoise massif, France"
93,Gunnbjørn,3694.0,12119.0,,highest in Greenland
94,North Twin Peak,3684.0,12087.0,,Canadian Rockies
95,Monte Disgrazia,3678.0,12067.0,,"Bregaglia, Switzerland"
96,Semeru,3676.0,12060.0,,"Java, Indonesia"
97,Les Bans,3669.0,12037.0,,"Ecrins, France"
98,Cloudveil Dome,3666.0,12028.0,,"Teton Range, Wyoming, US"
99,Thor Peak,3666.0,12028.0,,"Teton Range, Wyoming, United States"
100,Medicine Bow Peak,3661.0,12011.0,,"Wyoming, US"
101,Hyndman Peak,3660.0,12010.0,,"Idaho, US"
102,Mount Clemenceau,3658.0,12001.0,,Canadian Rockies
103,Mount Frakes,3654.0,11988.0,,"Crary Mountains, Antarctica"
104,Grande Motte,3653.0,11985.0,,"Vanoise Massif, France"
105,Sierra Blanca,3652.0,11982.0,,"Sacramento Mountains, New Mexico"
106,Pointe de la Fournache,3642.0,11949.0,,"Vanoise massif, France"
107,Buck Mountain,3639.0,11939.0,,"Teton Range, Wyoming"
108,Mount Nebo,3636.0,11929.0,,"Utah, US"
109,Mount Charleston,3632.0,11916.0,,"Nevada, US"
110,Hintere Schwärze,3628.0,11903.0,,"Ötztal Alps, Austria/Italy"
111,Nez Perce Peak,3627.0,11900.0,,"Teton Range, Wyoming, US"
112,Mount Alberta,3619.0,11873.0,,Canadian Rockies
113,Mount Assiniboine,3618.0,11870.0,,Canadian Rockies
114,Tödi,3614.0,11857.0,,Swiss Alps
115,Mount Forbes,3612.0,11850.0,,Canadian Rockies
116,Lautaro,3607.0,11834.0,,"Patagonia, Chile"
117,Dôme de la Sache,3601.0,11814.0,,"Vanoise massif, France"
118,Castle Peak,3601.0,11814.0,,"Idaho, US"
119,Dôme de l'Arpont,3601.0,11814.0,,"Vanoise massif, France"
120,Dôme de Chasseforêt,3586.0,11765.0,,"Vanoise massif, France"
121,Makra Peak,3586.0,11765.0,,Pakistan
122,Sierra Velluda,3585.0,11762.0,,Chile
123,Grand Roc Noir,3582.0,11752.0,,"Vanoise massif, France"
124,Mount Timpanogos,3582.0,11752.0,,"Utah, United States"
125,Mount Alvand,3580.0,11750.0,,"Hamedan, Iran"
126,Dôme des Nants,3570.0,11710.0,,"Vanoise massif, France"
127,Ryan Peak,3570.0,11710.0,,"Idaho, US"
128,South Twin Peak,3566.0,11699.0,,Canadian Rockies
129,Olan,3564.0,11693.0,,"Ecrins, France"
130,Aiguille de Péclet,3561.0,11683.0,,"Vanoise massif, France"
131,Presanella,3558.0,11673.0,,"Adamello-Presanella, Italy"
132,Mount Steere,3558.0,11673.0,,Antarctica
133,Monarch Mountain,3555.0,11663.0,,"Pacific Ranges, British Columbia, Canada"
134,Monte Leone,3552.0,11654.0,,"Lepontine Alps, Switzerland"
135,Mount Artos,3550.0,11650.0,,Turkey
136,Mont Turia,3550.0,11650.0,,"Vanoise massif, France"
137,Mount Temple,3543.0,11624.0,,Canadian Rockies
138,Disappointment Peak,3541.0,11617.0,,"Teton Range, Wyoming"
139,Mount Adamello,3539.0,11611.0,,"Adamello-Presanella, Italy"
140,Mount Woodring,3533.0,11591.0,,"Teton Range, Wyoming"
141,Aiguille de Polset,3531.0,11585.0,,"Vanoise Massif, France"
142,Mount Medetsiz,3524.0,11562.0,,"Taurus Mountains, Turkey"
143,Snow Dome,3520.0,11550.0,,Canadian Rockies
144,Aiguilles d'Arves,3515.0,11532.0,,"Arve Massif, France"
145,Mount Tendürek,3514.0,11529.0,,Turkey
146,Mount Ellen (Utah),3513.0,11526.0,,"Henry Mountains, Utah, US – Last surveyed mountain range in US lower 48 states"
147,Mont de Gébroulaz,3511.0,11519.0,,"Vanoise massif, France"
148,Mount San Gorgonio,3505.0,11499.0,,"California, US"
149,Mount Kitchener,3505.0,11499.0,,Canadian Rockies
150,Zuckerhütl,3505.0,11499.0,,"Stubai Alps, Austria"
151,Mount Wister,3502.0,11490.0,,"Teton Range, Wyoming"
152,Mount Saskatchewan,3500.0,11500.0,,"Yukon, Canada"
153,Mount Tasman,3497.0,11473.0,,"Southern Alps, New Zealand"
154,Mount Hungabee,3492.0,11457.0,,Canadian Rockies
155,Mount Athabasca,3491.0,11453.0,,Canadian Rockies
156,Tronador,3491.0,11453.0,,Chile/Argentina
157,Mount Saint John,3484.0,11430.0,,"Teton Range, Wyoming"
158,Thabana Ntlenyana,3482.0,11424.0,,"Drakensberg, Africa"
159,Pointes du Châtelard,3479.0,11414.0,,"Vanoise massif, France"
160,Mulhacén,3479.0,11414.0,,Spain – Highest in continental Spain
161,Mount Berlin,3478.0,11411.0,,"Flood Range, Antarctica"
162,Mount Pennell,3478.0,11411.0,,"Henry Mountains, Utah, US."
163,Volcán Barú,3475.0,11401.0,,"Chiriquí, Panama"
164,Roc des Saints Pères,3470.0,11380.0,,"Vanoise massif, France"
165,Mount Brazeau,3470.0,11380.0,,Canadian Rockies
166,Mount Nyiragongo,3470.0,11380.0,,"Virunga Mountains, DRC"
167,Ruby Dome,3470.0,11380.0,,"Ruby Mountains, Nevada"
168,Roche de la Muzelle,3465.0,11368.0,,"Dauphine Alps, France"
169,Mount Victoria,3464.0,11365.0,,Canadian Rockies
170,Abajo Peak,3463.0,11362.0,,"Abajo Mountains, Utah"
171,Eagle Peak,3462.0,11358.0,,"Absaroka Range, Wyoming, United States"
172,Doane Peak,3461.0,11355.0,,"Teton Range, Wyoming, US"
173,Ranger Peak,3461.0,11355.0,,"Teton range, Wyoming, US"
174,Mount Takahe,3460.0,11350.0,,Antarctica
175,Cerro de la Muerte,3451.0,11322.0,,Second highest in Costa Rica
176,Furgghorn,3451.0,11322.0,,"Pennine Alps, Switzerland"
177,Mafadi,3450.0,11320.0,,"Drakensberg, South Africa"
178,Mount Andromeda,3450.0,11320.0,,Canadian Rockies
179,Boulder Mountain,3449.0,11316.0,,"Utah, US. Highest timbered plateau in N America"
180,Mount Joffre,3449.0,11316.0,,Canadian Rockies
181,Hilgard Peak,3449.0,11316.0,,"Madison Range, Montana, US"
182,Static Peak,3445.0,11302.0,,"Teton Range, Wyoming, US"
183,Thousand Lake Mountain,3444.0,11299.0,,"Utah, US"
184,Pointe de la Sana,3436.0,11273.0,,"Vanoise massif, France"
185,Eagles Rest Peak,3431.0,11257.0,,"Teton Range, Wyoming, US"
186,Irazú Volcano,3431.0,11257.0,,Costa Rica
187,Mount Hood,3429.0,11250.0,,"Cascade Range, Oregon, US"
188,Verpeilspitze,3425.0,11237.0,,Austria
189,Deltaform Mountain,3424.0,11234.0,,Canadian Rockies
190,Mount Lefroy,3423.0,11230.0,,Canadian Rockies
191,Pointe de l'Échelle,3422.0,11227.0,,"Vanoise massif, France"
192,Pointe du Bouchet,3420.0,11220.0,,"Vanoise massif, France"
193,Mount Fitzgerald,3418.0,11214.0,,"Ruby Mountains, Nevada, US"
194,Bellecôte,3417.0,11211.0,,"Vanoise massif, France"
195,Crazy Peak,3417.0,11211.0,,"Montana, US"
196,Emi Koussi,3415.0,11204.0,,"Tibesti Mountains, Chad"
197,Piz Linard,3410.0,11190.0,,Switzerland
198,Mount Woolley,3405.0,11171.0,,Canadian Rockies
199,Aneto,3404.0,11168.0,,"Pyrenees, Spain – Highest in Pyrenees"
200,Lone Mountain,3404.0,11168.0,,"Madison Range, Montana, US"
201,Fluchthorn,3399.0,11152.0,,"Silvretta, Austria-Switzerland"
202,Grand Bec,3398.0,11148.0,,"Vanoise massif, France"
203,Rockchuck Peak,3397.0,11145.0,,"Teton Range, Wyoming"
204,Pico Veleta,3396.0,11142.0,,"Sierra Nevada, Spain – Location of the highest road in Europe"
205,Mount Hector,3394.0,11135.0,,Canadian Rockies
206,Piz Platta,3392.0,11129.0,,Swiss Alps
207,Telescope Peak,3392.0,11129.0,,Death Valley
208,Champagne Castle,3377.0,11079.0,,"Drakensberg, South Africa"
209,Cerro Chaltén,3375.0,11073.0,,"Patagonia, Argentina-Chile"
210,Mount Spurr,3374.0,11070.0,,Alaska
211,Pointe du Vallonnet,3372.0,11063.0,,"Vanoise massif, France"
212,Mammoth Mountain,3371.0,11060.0,,California
213,Fründenhorn,3369.0,11053.0,,"Bernese Alps, Switzerland"
214,Pointe Renod,3368.0,11050.0,,"Vanoise massif, France"
215,Traverse Peak,3368.0,11050.0,,"Teton Range, Wyoming"
216,Mount Edith Cavell,3363.0,11033.0,,Canadian Rockies
217,Dôme des Sonnailles,3361.0,11027.0,,"Vanoise massif, France"
218,Valvelspitze,3360.0,11020.0,,Austria
219,Mount Etna,3357.0,11014.0,,"Metropolitan City of Catania, Italy"
220,Mount Agepsta,3357.0,11014.0,,"Gagra Range, Abkhazia, Georgia"
221,Mount Munday,3356.0,11010.0,,"Pacific Ranges, B.C., Canada"
222,Pointe de Claret,3355.0,11007.0,,"Vanoise massif, France"
223,Monte Perdido,3355.0,11007.0,,Pyrenees
224,Electric Peak,3343.0,10968.0,,"Gallatin Range, Montana"
225,Marmolada,3343.0,10968.0,,"Dolomites, Italy – Highest mountain of the Dolomites"
226,Mount Saskatchewan,3342.0,10965.0,,Canadian Rockies
227,Cerro Fábrega,3335.0,10942.0,,"Bocas Del Toro, Panama"
228,Ward Mountain,3333.0,10935.0,,"Nevada, US"
229,Pointe de Méan Martin,3330.0,10930.0,,"Vanoise massif, France"
230,Dôme de Polset,3326.0,10912.0,,"Vanoise massif, France"
231,Cathedral Peak,3326.0,10912.0,,"California, US"
232,Raynolds Peak,3325.0,10909.0,,"Teton Range, Wyoming"
233,Rolling Thunder Mountain,3324.0,10906.0,,"Teton Range, Wyoming"
234,Mount Hampton,3323.0,10902.0,,Antarctica
235,Dôme des Pichères,3319.0,10889.0,,"Vanoise massif, France"
236,Grand Roc,3316.0,10879.0,,"Vanoise massif, France"
237,Giant's Castle,3315.0,10876.0,,"Drakensberg, South Africa"
238,Sunwapta Peak,3315.0,10876.0,,Canadian Rockies
239,Piz Buin,3312.0,10866.0,,"Silvretta, Austria-Switzerland"
240,Mount Ball,3311.0,10863.0,,Canadian Rockies
241,Piz Badile,3308.0,10853.0,,"Bregaglia, Switzerland"
242,Ağ Dağ,3306.0,10846.0,,"Bozgush mountain range, East Azerbaijan, Iran"
243,San Jacinto Peak,3302.0,10833.0,,"California, US"
244,Didi Abuli,3301.0,10830.0,,Georgia
245,Silberhorn,3300.0,10800.0,,"Southern Alps, New Zealand"
246,Bivouac Peak,3299.0,10823.0,,"Teton Range, Wyoming"
247,Mount Wilbur,3298.0,10820.0,,"Fairweather Range, Alaska, US"
248,Monte Argentera,3297.0,10817.0,,"Maritime Alps, Italy"
249,Mount Rose (Nevada),3287.0,10784.0,,"Carson Range, Nevada"
250,Mount Samsari,3285.0,10778.0,,"Abul-Samsari Range, Georgia"
251,Roche Chevrière,3281.0,10764.0,,"Vanoise massif, France"
252,Habicht,3277.0,10751.0,,"Stubai Alps, Austria"
253,Thompson Peak,3277.0,10751.0,,"Idaho, US"
254,Palandöken Mountain,3271.0,10732.0,,Turkey
255,Mount Chephren,3266.0,10715.0,,Canadian Rockies
256,Pointe de Thorens,3266.0,10715.0,,"Vanoise massif, France"
257,Mount Cramer,3266.0,10715.0,,"Idaho, US"
258,Toussidé,3265.0,10712.0,,"Tibesti Mountains, Chad-Libya"
259,Antelao,3264.0,10709.0,,"Dolomites, Italy"
260,Mont Pelve,3261.0,10699.0,,"Vanoise massif, France"
261,Mount Stanley Baldwin,3256.0,10682.0,,"Columbia Mountains, B.C., Canada"
262,Sandia Crest,3255.0,10679.0,,"New Mexico, US"
263,Épaule du Bouchet,3250.0,10660.0,,"Vanoise massif, France"
264,Mount Smythe,3246.0,10650.0,,Canadian Rockies
265,Wildstrubel,3243.0,10640.0,,"Bernese Alps, Switzerland"
266,Williams Peak,3242.0,10636.0,,"Idaho, US"
267,Mount Hope,3239.0,10627.0,,"Highest British mountain, British Antarctic Territory"
268,Titlis,3238.0,10623.0,,"Bernese Alps, Switzerland"
269,Owl Peak,3235.0,10614.0,,"Teton Range, Wyoming"
270,Mount Mackenzie King,3234.0,10610.0,,"Cariboo Mountains, B.C., Canada"
271,Pointe des Buffettes,3233.0,10607.0,,"Vanoise massif, France"
272,Lisenser Spitze,3230.0,10600.0,,"Stubai Alps, Austria"
273,Mount Terror,3230.0,10600.0,,Antarctica
274,Aiguille Rouge,3227.0,10587.0,,"Vanoise massif, France"
275,Monte Civetta,3220.0,10560.0,,"Dolomites, Italy"
276,Symmetry Spire,3219.0,10561.0,,"Teton Range, Wyoming"
277,Akdağ,3213.0,10541.0,,"Taurus Mountains, Turkey"
278,Glacier Peak,3213.0,10541.0,,"Washington, US"
279,Pointe du Dard,3212.0,10538.0,,"Vanoise massif, France"
280,Mount Binalud,3211.0,10535.0,,"Alborz, Iran"
281,Pointe de la Réchasse,3206.0,10518.0,,"Vanoise massif, France"
282,Mount Jefferson,3204.0,10512.0,,"Montana, US"
283,Mount Jefferson,3199.0,10495.0,,"Cascade Range, Oregon, US"
284,Dreiländerspitze,3197.0,10489.0,,"Silvretta, Austria-Switzerland"
285,Mount Kita,3193.0,10476.0,,"Akaishi Mountains, Japan"
286,Mount Hotaka,3190.0,10470.0,,"Hida Mountains, Japan"
287,Mount Cleveland,3190.0,10470.0,,"Montana, US"
288,Ainodake,3189.0,10463.0,,"Akaishi Mountains, Japan"
289,Lassen Peak,3189.0,10463.0,,"California, US"
290,Mount Galatea,3185.0,10449.0,,"Kananaskis Range, Alberta, Canada"
291,Mount Kinyeti,3187.0,10456.0,,"Eastern Equatoria, South Sudan"
292,Rendezvous Mountain,3185.0,10449.0,,"Teton Range, Wyoming, US"
293,Saviers Peak,3182.0,10440.0,,"Idaho, US"
294,Mount Yari,3180.0,10430.0,,"Hida Mountains, Japan"
295,Kendrick Peak,3178.0,10427.0,,"San Francisco Peaks, USA"
296,Kendrick Peak,3178.0,10427.0,,"San Francisco Peaks, USA"
297,Parícutin,3170.0,10400.0,,Mexico
298,Mount Aylmer,3162.0,10374.0,,Canadian Rockies
299,South Sister,3157.0,10358.0,,"Cascade Range, Oregon, US"
300,Stanley Peak,3155.0,10351.0,,"Ball Range, Canadian Rockies"
301,Jøkulkyrkja,3148.0,10328.0,,Antarctica
302,Pica d'Estats,3143.0,10312.0,,"Spanish–French border, Pyrenees"
303,Phan Xi Păng,3143.0,10312.0,,"Sa pa, Vietnam"
304,Mount Arakawa,3141.0,10305.0,,"Akaishi Mountains, Japan"
305,Gray Peak,3140.0,10300.0,,"Yellowstone National Park, Wyoming, US"
306,Mount Heyburn,3139.0,10299.0,,"Idaho, US"
307,Mount Washburn,3122.0,10243.0,,"Yellowstone National Park, Wyoming, US"
308,Mount Collie,3116.0,10223.0,,Canadian Rockies
309,Mount Siple,3110.0,10200.0,,Antarctica
310,Pirchinassi,3110.0,10200.0,,Muzaffarabad Azad Kashmir
311,Mount Redoubt,3108.0,10197.0,,"Alaska, US"
312,Mount Babel,3101.0,10174.0,,"Bow Range, Alberta, Canada"
313,Mount Emei,3099.0,10167.0,,China
314,Pico Duarte,3098.0,10164.0,,Dominican Republic
315,Picacho del Diablo,3096.0,10157.0,,"Baja California, Mexico"
316,Trapper Peak,3096.0,10157.0,,"Montana, US"
317,Storm Mountain,3095.0,10154.0,,Canadian Rockies
318,Mount Blackmore,3094.0,10151.0,,"Montana, US"
319,Mount Stimson,3091.0,10141.0,,"Montana, US"
320,Mol Len,3088.0,10131.0,,"Patkai Range, Nagaland-India/Burma<http://www.peaklist.org/WWlists/ultras/burma.html>"
321,Qurnat as Sawdā’,3088.0,10131.0,,Lebanon
322,Mount Richardson,3086.0,10125.0,,Canadian Rockies
323,Kintla Peak,3079.0,10102.0,,"Livingston Range, Montana, US"
324,Mount Moulton,3078.0,10098.0,,Antarctica
325,Smoky Dome,3077.0,10095.0,,"Idaho, US"
326,North Sister,3074.0,10085.0,,"Cascade Range, Oregon, US"
327,Nat Ma Taung,3070.0,10070.0,,Myanmar
328,Piton des Neiges,3069.0,10069.0,,"Réunion, France"
329,Mount San Antonio,3068.0,10066.0,,"San Gabriel Mountains, California, US"
330,Mount Ontake,3067.0,10062.0,,Japan
331,Mount Jackson,3064.0,10052.0,,"Lewis Range, Montana, US"
332,Middle Sister,3062.0,10046.0,,"Cascade Range, Oregon, US"
333,Mount Wutai,3061.0,10043.0,,"Shanxi, China"
334,Mount Nyamuragira,3058.0,10033.0,,Democratic Republic of the Congo
335,Haleakala,3057.0,10030.0,,"Hawaii, US"
336,Crowfoot Mountain,3055.0,10023.0,,Canadian Rockies
337,Mount Chester,3054.0,10020.0,,Canadian Rockies
338,Mount Siyeh,3052.0,10013.0,,"Montana, US"
339,Mount Merritt,3049.0,10003.0,,"Montana, US"
340,Cerro de Coxóm,3045.0,9990.0,,Guatemala
341,Parseierspitze,3036.0,9961.0,,Austria
342,Mount Senjō,3033.0,9951.0,,"Akaishi Mountains, Japan"
343,Mount Aspiring/Tititea,3033.0,9951.0,,New Zealand
344,Kinnerly Peak,3031.0,9944.0,,"Montana, US"
345,Mount Agung,3031.0,9944.0,,"Bali, Indonesia"
346,Mount McArthur,3021.0,9911.0,,Canadian Rockies
347,Mount Norikura,3026.0,9928.0,,"Hida Mountains, Japan"
348,Tsiteli Khati,3026.0,9928.0,,"Kharuli Range, Georgia"
349,Mount Tate,3015.0,9892.0,,"Hida Mountains, Japan"
350,Cathedral Peak,3004.0,9856.0,,Drakensberg
351,Mount Tahat,3003.0,9852.0,,Algeria – Highest
352,Sapitwa,3002.0,9849.0,,"Mulanje Massif, Malawi"
353,Ben Macdhui,3001.0,9846.0,,"Eastern Cape, South Africa"
354,The Fortress,3000.0,9800.0,,Canadian Rockies
0,Tre Cime di Lavaredo,2999.0,9839.0,,"Province of Belluno, Italy"
1,Pizzo Centrale,2999.0,9839.0,,Switzerland
2,Cascade Mountain,2998.0,9836.0,,"Vermilion Range, Canadian Rockies, Canada"
3,Copahue,2997.0,9833.0,,"Andes, Argentina/Chile"
4,Mount Girouard,2995.0,9826.0,,"Fairholme Range, Canadian Rockies, Canada"
5,Mount Iso,2994.0,9823.0,,"near Mao, Highest in Manipur, India"
6,Pico da Neblina,2994.0,9823.0,,"Serra do Imeri, Amazonas, Brazil – Highest"
7,Mount Whyte,2983.0,9787.0,,"Bow Range, Canadian Rockies, Canada"
8,Miranjani,2980.0,9780.0,,Pakistan
9,Forellen Peak,2979.0,9774.0,,"Teton Range, Wyoming, US"
10,Mount Andrus,2978.0,9770.0,,"Ames Range, Antarctica"
11,Mount Niblock,2976.0,9764.0,,"Bow Range, Canadian Rockies, Canada"
12,Pico 31 de Março,2973.0,9754.0,,"Serra do Imeri, Amazonas, Brazil"
13,Keele Peak,2972.0,9751.0,,"Mackenzie Mountains, Yukon, Canada"
14,Mount Odin,2970.0,9740.0,,"Monashee Mountains, B.C., Canada"
15,Schilthorn,2970.0,9740.0,,"Bernese Alps, Switzerland"
16,Mount Tallac,2968.0,9738.0,,"Sierra Nevada, California, US"
17,Steens Mountain,2968.0,9738.0,,Isolated peak in Southeastern Oregon
18,Mount Inglismaldie,2964.0,9724.0,,"Fairholme Range, Canadian Rockies, Canada"
19,Mount Ramelau,2963.0,9721.0,,Highest in East Timor
20,Zugspitze,2962.0,9718.0,,Germany – Highest
21,Slide Mountain (Nevada),2957.0,9701.0,,"Carson Range, Nevada"
22,Little Alberta,2956.0,9698.0,,"Sir Winston Churchill Range, Canadian Rockies, Canada"
23,Mount Arfak,2955.0,9695.0,,"Arfak Mountains, West Papua, Indonesia"
24,Iron Mountain,2955.0,9695.0,,"Soldier Mountains, Idaho, US"
25,Apo,2954.0,9692.0,,Philippines – Highest
26,Fossil Mountain,2946.0,9665.0,,"Banff NP, Alberta, Canada"
27,Coma Pedrosa,2942.0,9652.0,,"Pyrenees, Andorra – Highest"
28,Going to the Sun Mountain,2939.0,9642.0,,"Lewis Range, Montana, US"
29,Fishers Peak,2936.0,9633.0,,"Raton Mesas, Colorado-New Mexico, US"
30,Pilot Mountain,2935.0,9629.0,,"Massive Range, Canadian Rockies, Canada"
31,Uri Rotstock,2928.0,9606.0,,Switzerland
32,Musala,2925.0,9596.0,,"Rila Mountain, Bulgaria – Highest"
33,Mount Pulag,2926.0,9600.0,,Philippines
34,Mount Olympus,2917.0,9570.0,,"Thessaly/Macedonia, Greece – Highest"
35,Vihren,2914.0,9560.0,,"Pirin Mountain, Bulgaria"
36,Mount Gould,2912.0,9554.0,,"Montana, US"
37,Corno Grande,2912.0,9554.0,,"Abruzzo, Italy"
38,Mount Blakiston,2910.0,9550.0,,"Flathead Range, Canadian Rockies, Canada"
39,Puigmal,2909.0,9544.0,,"Spanish–French border, Pyrenees"
40,Kutelo,2908.0,9541.0,,"Pirin Mountain, Bulgaria"
41,Chutine Peak,2903.0,9524.0,,"Coast Range, British Columbia, Canada"
42,Malka Musala,2902.0,9521.0,,"Rila Mountain, Bulgaria"
43,Rising Wolf Mountain,2900.0,9500.0,,"Lewis Range, Montana, US"
44,Bonanza Peak,2899.0,9511.0,,"Cascade Range, Washington, US"
45,Mount McLoughlin,2894.0,9495.0,,"Mount McLoughlin, Oregon, US"
46,Pic de Sanfonts,2894.0,9495.0,,"Pyrenees, Andorra"
47,Pico da Bandeira,2892.0,9488.0,,"Serra do Caparaó, Minas Gerais/Espírito Santo, Brazil"
48,Collarada,2886.0,9469.0,,"Pyrenees, Spain"
49,Banski Suhodol,2884.0,9462.0,,"Pirin Mountain, Bulgaria"
50,Boardman Peak,2882.0,9455.0,,"Soldier Mountains, Idaho, US"
51,Mount Wrightson,2882.0,9455.0,,"Santa Rita Mountains, Arizona, US"
52,Lembert Dome,2880.0,9450.0,,"California, US"
53,Sacajawea Peak,2876.0,9436.0,,"Wallowa Mountains, Oregon, US"
54,Mount Stuart,2869.0,9413.0,,"Cascades, Washington, US"
55,Mount Fisht,2867.0,9406.0,,"Adygea, Russia"
56,Mount Silverthrone,2865.0,9400.0,,"British Columbia, Canada"
57,Mount Baden-Powell,2864.75,9398.8,,"San Gabriel Mountain, California, US"
58,Triglav,2864.0,9396.0,,Slovenia – Highest
59,Mount Saint Nicholas,2858.0,9377.0,,"Montana, US"
60,Irechek,2852.0,9357.0,,"Rila Mountain, Bulgaria"
61,Polezhan,2851.0,9354.0,,"Pirin Mountain, Bulgaria"
62,Mount Tabayoc,2842.0,9324.0,,"Cordillera Range, Benguet, Philippines"
63,Mount Wilbur,2841.0,9321.0,,"Montana, US"
64,Pico do Fogo,2829.0,9281.0,,Cape Verde – Highest
65,Kamenitsa,2822.0,9259.0,,"Pirin Mountain, Bulgaria"
66,Mount Fernow,2819.0,9249.0,,"Washington, US"
67,Mount Hermon,2814.0,9232.0,,Syria and Lebanon; a subpeak on its southern slopes is within the Israeli-occupied Golan Heights region
68,Mount Deakin,2810.0,9220.0,,Antarctica
69,Mount Cory,2802.0,9193.0,,"Alberta, Canada"
70,Mount Thielsen,2799.0,9183.0,,"Cascades, Oregon, US"
71,Pedra da Mina,2798.0,9180.0,,"Serra da Mantiqueira, Minas Gerais/São Paulo, Brazil"
72,Mount Ruapehu,2797.0,9177.0,,"Tongariro National Park, North Island, New Zealand – Highest in the North Island"
73,Copper Mountain,2795.0,9170.0,,"Alberta, Canada"
74,Mount Lemmon,2795.0,9170.0,,"Santa Catalina Mountains, Arizona, US"
75,Maiella,2793.0,9163.0,,"Abruzzo, Italy"
76,Pico das Agulhas Negras,2792.0,9160.0,,"Serra do Itatiaia, Minas Gerais/Rio de Janeiro, Brazil"
77,Deno,2790.0,9150.0,,"Rila Mountain, Bulgaria"
78,Hayes Volcano,2788.0,9147.0,,"Alaska, US"
79,Mount Edziza,2787.0,9144.0,,"British Columbia, Canada"
80,Canigou,2784.0,9134.0,,"Pyrenees, France"
81,Mount Weaver,2780.0,9120.0,,Antarctica
82,Buckner Mountain,2778.0,9114.0,,"Washington, US"
83,Mount Longonot,2776.0,9108.0,,"Great Rift Valley, Kenya"
84,Seven Fingered Jack,2774.0,9101.0,,"Washington, US"
85,Mount Nirvana,2773.0,9098.0,,"Northwest Territories, Canada"
86,Chief Mountain,2768.0,9081.0,,"Montana, US"
87,Lincoln Peak,2768.0,9081.0,,"Washington, US"
88,Castle Mountain,2766.0,9075.0,,"Canadian Rockies, Canada"
89,Pyramid Mountain,2766.0,9075.0,,"Canadian Rockies, Canada"
90,Pico Naiguata (Avila),2765.0,9072.0,,"Caracas, Venezuela"
91,Mount Bachelor,2764.0,9068.0,,"Formerly Bachelor Butte, Cascade Mountains, Oregon, US"
92,Mount Korab,2764.0,9068.0,,North Macedonia & Albania – Highest
93,Yalovarnika,2763.0,9065.0,,"Pirin Mountain, Bulgaria"
94,Gazey,2761.0,9058.0,,"Pirin Mountain, Bulgaria"
95,Mount Sir James MacBrien,2759.0,9052.0,,Canada
96,Kaymakchal,2753.0,9032.0,,"Pirin Mountain, Bulgaria"
97,Mount Olympus,2751.0,9026.0,,"Utah, US"
98,Todorka,2746.0,9009.0,,"Pirin Mountain, Bulgaria"
99,Mawson Peak,2745.0,9006.0,,Highest in Australian Antarctic Territory
100,Fairview Mountain,2744.0,9003.0,,"Bow Range, Canadian Rockies, Canada"
101,Mount Baekdu,2744.0,9003.0,,North Korea/China Highest in North Korea
102,Škrlatica,2740.0,8990.0,,"Julian Alps, Slovenia"
103,Monte Roraima,2739.0,8986.0,,"Serra de Pacaraima, Roraima, Brazil"
104,Heavens Peak,2739.0,8986.0,,"Montana, US"
105,Mount Spickard,2737.0,8980.0,,"North Cascades, US"
106,Banderishki Chukar,2732.0,8963.0,,"Pirin Mountain, Bulgaria"
107,Mount Melbourne,2732.0,8963.0,,Antarctica
108,Cerro El Pital,2730.0,8960.0,,El Salvador – Highest
109,Mount Redoubt,2730.0,8960.0,,"Washington, US"
110,Dzhengal,2730.0,8960.0,,"Pirin Mountain, Bulgaria"
111,Malyovitsa,2729.0,8953.0,,"Rila Mountain, Bulgaria"
112,Pizzo di Claro,2727.0,8947.0,,"Ticino, Switzerland"
113,Mount Morning,2723.0,8934.0,,Antarctica
114,Phu Xai Lai Leng,2720.0,8920.0,,Laos
115,Serles,2718.0,8917.0,,"Stubai Alps, Austria"
116,Watzmann,2713.0,8901.0,,"Bavarian Alps, Germany"
117,Boston Peak,2711.0,8894.0,,"Washington, US"
118,Schiahorn,2709.0,8888.0,,Switzerland
119,Grotto Mountain,2706.0,8878.0,,"Canadian Rockies, Canada"
120,Kennedy Peak (Myanmar),2703.0,8868.0,,Myanmar
121,Mount Haku,2702.0,8865.0,,"Ryōhaku Mountains, Japan"
122,Eldorado Peak,2701.0,8862.0,,"Washington, US"
123,Anaimudi,2695.0,8842.0,,"Kerala, India – Highest in Western Ghats, India"
124,Maja Jezerce,2694.0,8839.0,,"Highest in Dinaric Alps, Albania"
125,Half Dome,2693.0,8835.0,,"Sierra Nevada, California, US"
126,Mount Louis,2682.0,8799.0,,"Alberta, Canada"
127,Mount Discovery,2681.0,8796.0,,Antarctica
128,Pic de la Selle,2680.0,8790.0,,Haiti
129,Mount Garibaldi,2678.0,8786.0,,"British Columbia, Canada"
130,Bashliyski Chukar,2670.0,8760.0,,"Pirin Mountain, Bulgaria"
131,Pedra do Sino,2670.0,8760.0,,"Serra dos Órgãos, Rio de Janeiro, Brazil"
132,Guadalupe Peak,2667.0,8750.0,,"Guadalupe Mountains, Texas – Highest in Texas"
133,Gjeravica,2656.0,8714.0,,"Accursed Mountains, Kosovo – Highest in Kosovo"
134,Großer Krottenkopf,2656.0,8714.0,,"Allgäu Alps, Tyrol, Austria"
135,Pic del Port Vell,2655.0,8711.0,,"Pyrenees, Andorra"
136,Gerlachov Peak,2655.0,8711.0,,"High Tatras, Slovakia"
137,Mount Michelson,2652.0,8701.0,,"Chugach Mountains, Alaska, US"
138,Torre Cerredo,2650.0,8690.0,,"Picos de Europa, Spain – Highest in Picos de Europa"
139,Mount St. Piran,2649.0,8691.0,,"Bow Range, Alberta, Canada"
140,Mount Meager,2645.0,8678.0,,"British Columbia, Canada"
141,Mount Trus Madi,2642.0,8668.0,,"Trus Madi Range, Sabah, Malaysia – No. 2 in Malaysia"
142,Meesapulimala,2640.0,8660.0,,"Tamil Nadu/Kerala, India"
143,Doddabetta,2637.0,8652.0,,"Tamil Nadu, India"
144,Piton de la Fournaise,2631.0,8632.0,,Réunion
145,Mount Crean,2630.0,8630.0,,Victoria Land
146,Cardinal Peak,2618.0,8589.0,,"Washington, US"
147,Barbeau Peak,2616.0,8583.0,,"Nunavut, Canada – Highest in Nunavut"
148,Monte Legnone,2609.0,8560.0,,"Province of Lecco, Lombardy, Italy"
149,Pelister Peak,2601.0,8533.0,,North Macedonia
150,Mount Abao,2596.0,8517.0,,Philippines
151,Pico Almanzor,2592.0,8504.0,,Spain
152,Mount Currie,2591.0,8501.0,,"BC, Canada"
153,Pizzo Molare,2585.0,8481.0,,"Ticino, Switzerland"
154,Mount Tavkvetili,2583.0,8474.0,,Georgia
155,Mount Tambuyukon,2579.0,8461.0,,"Sabah, Malaysia"
156,Argonaut Peak,2576.0,8451.0,,"Washington, US"
157,Doi Inthanon,2565.0,8415.0,,Thailand – Highest in Thailand
158,Pic dels Aspres,2562.0,8406.0,,"Pyrenees, Andorra"
159,Ledyanaya,2562.0,8406.0,,Russia – Highest of the Koryak Mountains
160,Aguja Saint Exupery,2558.0,8392.0,,Argentina
161,Mount St. Helens,2550.0,8370.0,,"Washington, US"
162,Big Hatchet Peak,2547.0,8356.0,,"New Mexico, US"
163,Moldoveanu Peak,2544.0,8346.0,,Romania
164,Uludağ,2543.0,8343.0,,Turkey
165,Mount Vineuo,2536.0,8320.0,,Papua New Guinea
166,Negoiu Peak,2535.0,8317.0,,Romania
167,Vistea Mare,2527.0,8291.0,,Romania
168,Pidurutalagala,2524.0,8281.0,,Sri Lanka
169,Mount Norquay,2522.0,8274.0,,"Canadian Rockies, Canada"
170,Hualalai,2521.0,8271.0,,"Hawaii, US"
171,Mount Yesenin,2520.0,8270.0,,Antarctica
172,Parangu Mare,2519.0,8264.0,,Romania
173,Mount Taranaki/Egmont,2518.0,8261.0,,New Zealand
174,Garfield Peak,2512.0,8241.0,,"Wyoming, US"
175,Mount Joern,2510.0,8230.0,,Antarctica
176,Mount Veniaminof,2507.0,8225.0,,"Alaska, US"
177,Omu Peak,2505.0,8219.0,,Romania
178,Rysy,2501.0,8205.0,,"Tatras, Poland/Slovakia – Highest in Poland"
179,Mount Tymfi,2497.0,8192.0,,"Pindus, Greece"
180,Monte Velino,2487.0,8159.0,,Abruzzo Italy
181,Monte Vettore,2476.0,8123.0,,Abruzzo Italy
182,Špik,2472.0,8110.0,,"Julian Alps, Slovenia"
183,Luna Peak,2470.0,8100.0,,"British Columbia, Canada"
184,Galdhøpiggen,2469.0,8100.0,,Norway – Highest
185,Kanlaon,2465.0,8087.0,,"Negros Occidental and Negros Oriental, Philippines"
186,Glittertind,2464.0,8084.0,,Norway
187,El Capitan,2464.0,8084.0,,"Texas, US"
188,Shimbiris,2464.0,8084.0,,Somalia
189,Mayon,2463.0,8081.0,,"Albay, Philippines"
190,Monte Gorzano,2458.0,8064.0,,Abruzzo Italy
191,Mount Psiloritis,2456.0,8058.0,,"Crete, Greece"
192,Mount Pachnes (Lefka Ori),2453.0,8048.0,,"Crete, Greece"
193,Sulphur Mountain,2451.0,8041.0,,"Canadian Rockies, Canada"
194,Sunset Crater,2451.0,8041.0,,"Arizona, US"
195,Cima del Redentore (Sibillini Mountains),2448.0,8031.0,,"Marche–Umbria, Italy"
196,Triple Divide Peak,2444.0,8018.0,,"Montana, US"
197,Blackcomb Peak,2436.0,7992.0,,"Whistler BC, Canada"
198,Monte Binga,2436.0,7992.0,,"Manica, Mozambique"
199,Mount Olympus,2432.0,7979.0,,"Washington, US"
200,Peñalara,2430.0,7970.0,,Spain
201,Mesa de los Tres Reyes,2428.0,7966.0,,"Navarre, Spain – Highest point in Navarre"
202,Roque de los Muchachos,2426.0,7959.0,,"La Palma, Spain"
203,Mount Daniel,2426.0,7959.0,,"Washington, US"
204,Mount Murud,2423.0,7949.0,,"Kelabit Highlands, Sarawak, Malaysia – Highest mountain in Sarawak"
205,Mocho,2422.0,7946.0,,"Los Ríos Region, Chile"
206,Choshuenco,2415.0,7923.0,,"Los Ríos Region, Chile"
207,Grigna Settentrionale,2410.0,7910.0,,"Province of Lecco, Lombardy, Italy"
208,Ha Ling Peak,2408.0,7900.0,,"Canadian Rockies, Alberta, Canada"
209,Store Skagastølstind,2405.0,7890.0,,Norway
210,Hajla,2403.0,7884.0,,Kosovo
211,Le Tabor,2389.0,7838.0,,"Dauphine Alps, France"
212,Kirigalpottha,2388.0,7835.0,,Sri Lanka
213,Maglić,2386.0,7828.0,,Bosnia and Herzegovina – Highest in Bosnia and Herzegovina
214,Emory Peak,2385.0,7825.0,,"Texas, US"
215,Mount Cayley,2385.0,7825.0,,"British Columbia, Canada"
216,Mount Galwey,2377.0,7799.0,,"Canadian Rockies, Canada"
217,Botev Peak,2376.0,7795.0,,"Balkan Mountain, Bulgaria"
218,Mount Mulu,2376.0,7795.0,,"Gunung Mulu National Park, Sarawak, Malaysia"
219,Mount Deception,2374.0,7789.0,,"Washington, US"
220,Mount Aix,2367.0,7766.0,,"Washington, US"
221,Mount Karthala,2361.0,7746.0,,"Comoros, Indian Ocean"
222,Signal Mountain,2353.0,7720.0,,"Wyoming, US"
223,Mount Pico,2351.0,7713.0,,"Azores, Portugal – Highest in Portugal"
224,Grimming,2351.0,7713.0,,"Styria, Austria – Highest monolith in Europe"
225,Monte Sirente,2347.0,7700.0,,"Abruzzo, Italy"
226,Mount Blum,2340.0,7680.0,,"North Cascades, Washington State, US"
227,Mount Popomanaseu,2335.0,7661.0,,"Guadalcanal, Solomon Islands – Highest in Solomon Islands"
228,Monte Priora,2333.0,7654.0,,Marche Italy
229,Mount Prophet,2330.0,7640.0,,North Cascades
230,Mount Griggs,2317.0,7602.0,,"Alaska, US"
231,Mount Makarakomburu,2310.0,7580.0,,"Guadalcanal, Solomon Islands"
232,Lalla Khedidja,2308.0,7572.0,,"Djurdjura Mountains, Algeria"
233,Lavender Peak,2306.0,7566.0,,"British Columbia, Canada"
234,Mount Sir Allan MacNab,2297.0,7536.0,,"Premier Range, British Columbia, Canada"
235,Murree,2291.0,7516.0,,"Rawalpindi, Pakistan"
236,Cherni Vrah,2290.0,7510.0,,"Vitosha Mountain, Bulgaria"
237,Mount Karadağ,2288.0,7507.0,,Turkey
238,Druesberg,2282.0,7487.0,,"Alps, Switzerland"
239,Ineu Peak,2279.0,7477.0,,"Rodnei Mountains, Romanian Carpathian Mountains, Romania"
240,Mount Huye,2278.0,7474.0,,Rwanda
241,Bikku Bitti,2267.0,7438.0,,Libya – Second highest in country
242,Blue Mountains,2256.0,7402.0,,Jamaica – Highest in Country
243,Mount Dietz,2250.0,7380.0,,Antarctica
244,Sri Pada Mountain,2243.0,7359.0,,Sri Lanka
245,Mount John Laurie,2240.0,7350.0,,"Canadian Rockies, Alberta, Canada"
246,Red Butte,2232.0,7323.0,,"Arizona, US"
247,Čvrsnica,2228.0,7310.0,,"Herzegovina, BiH"
248,Mount Kosciuszko,2228.0,7310.0,,"Snowy Mountains, New South Wales, Australia – Highest on mainland"
249,Camoghe,2228.0,7310.0,,"Ticino, Switzerland"
250,Commonwealth Mountain,2225.0,7300.0,,"Nunavut, Canada"
251,Mount Chiginagak,2221.0,7287.0,,"Alaska, US"
252,Monte Terminillo,2217.0,7274.0,,"Lazio, Italy"
253,Slavyanka,2212.0,7257.0,,"Pirin Mountain, Bulgaria"
254,Mount Oxford (Nunavut),2210.0,7250.0,,"Nunavut, Canada"
255,Mount Townsend,2209.0,7247.0,,"Snowy Mountains, New South Wales, Australia – Second-highest on mainland"
256,Black Elk Peak,2207.0,7241.0,,"South Dakota, US – Highest in state"
257,Golden Hinde,2198.0,7211.0,,"#1 on Vancouver Island, British Columbia, Canada"
258,Mount Twynam,2196.0,7205.0,,"Snowy Mountains, New South Wales, Australia – Third-highest on mainland"
259,Elkhorn Mountain,2195.0,7201.0,,"Vancouver Island, British Columbia, Canada"
260,Mount Baldy,2192.0,7192.0,,"Alberta, Canada"
261,Golyam Perelik,2191.0,7188.0,,"Rhodope Mountains, Bulgaria"
262,Shiprock,2188.0,7178.0,,"New Mexico, US"
263,Mount Tahan,2187.0,7175.0,,"Tahan Range, Pahang, Malaysia – Highest in Peninsular Malaysia"
264,Grigna Meridionale,2184.0,7165.0,,"Province of Lecco, Lombardy, Italy"
265,Mount Korbu,2183.0,7162.0,,"Titiwangsa Mountains, Perak, Malaysia"
266,Mount Yong Belar,2180.0,7150.0,,"Perak, Malaysia"
267,Doi Chiang Dao,2175.0,7136.0,,Thailand
268,Galunggung,2168.0,7113.0,,Java
269,Levski Peak,2166.0,7106.0,,"Balkan Mountain, Bulgaria"
270,Monte Cimone,2165.0,7103.0,,"Emilia-Romagna, Italy"
271,Mount Hua,2155.0,7070.0,,"Shaanxi, China"
272,Mount Zulia,2149.0,7051.0,,Uganda
273,Carruthers Peak,2145.0,7037.0,,"Snowy Mountains, New South Wales, Australia"
274,Crna Glava,2139.0,7018.0,,"Bjelasica, Montenegro"
275,Mount Colonel Foster,2135.0,7005.0,,"Vancouver Island, British Columbia, Canada"
276,Roche à Perdrix,2135.0,7005.0,,"Fiddle Range, Canadian Rockies, Canada"
277,Kodaikanal,2133.0,6998.0,,"Tamil Nadu, India"
278,Pilatus,2132.0,6995.0,,Switzerland
279,Strmenica,2122.0,6962.0,,"Bjelasica, Montenegro"
280,Phu Soi Dao,2120.0,6960.0,,Thailand/Laos
281,Eagle Peak,2119.0,6952.0,,"Alaska, US"
282,Öræfajökull,2110.0,6920.0,,Iceland
283,Mount Benum,2107.0,6913.0,,Malaysia
284,Mogotón,2107.0,6913.0,,Nicaragua – Highest in Nicaragua
285,Kebnekaise,2097.0,6880.0,,Sweden
286,Rambler Peak,2092.0,6864.0,,"Vancouver Island, British Columbia, Canada"
287,Mount McBride,2083.0,6834.0,,"Vancouver Island, British Columbia, Canada"
288,Phou Khe,2079.0,6821.0,,Thailand/Laos
289,Schneeberg,2076.0,6811.0,,"Northern Limestone Alps, Austria"
290,Mount Tate,2068.0,6785.0,,"Snowy Mountains, New South Wales, Australia"
291,Bjelašnica,2067.0,6781.0,,"Sarajevo Canton, Bosnia and Herzegovina"
292,Kings Peak,2065.0,6775.0,,"Vancouver Island, British Columbia, Canada"
293,Hoverla,2061.0,6762.0,,Ukraine – Highest
294,Monte Miletto,2050.0,6730.0,,"Molise, Italy"
295,Lytton Mountain,2049.0,6722.0,,"British Columbia, Canada"
296,Mount Katmai,2047.0,6716.0,,"Alaska, US"
297,Mount Dimlang,2042.0,6699.0,,"Adamawa, Nigeria"
298,Mount Celeste,2041.0,6696.0,,"Vancouver Island, British Columbia, Canada"
299,Mount Mitchell,2037.0,6683.0,,"Yancey County, North Carolina, US Highest peak of the Appalachian Mountains Highest peak in mainland eastern North America"
300,Namunukula,2035.0,6677.0,,Sri Lanka
301,Pico do Barbado,2033.0,6670.0,,"Bahia, Brazil – Highest point in Bahia"
302,Mount Batu Brinchang,2032.0,6667.0,,"Cameron Highlands, Pahang/Perak, Malaysia"
303,Doi Mae Tho,2031.0,6663.0,,Thailand
304,Kuwohi,2025.0,6644.0,,"Great Smoky Mountains, Tennessee, US"
305,Mount Heng (Shanxi),2017.0,6617.0,,"Shanxi, China"
306,Kopaonik,2017.0,6617.0,,"Pančić's Peak, Serbia"
307,Alpe di Succiso,2017.0,6617.0,,Province of Reggio Emilia Italy
308,Kom,2016.0,6614.0,,"Balkan Mountain, Bulgaria"
309,Polar Bear Peak,2016.0,6614.0,,"Chugach Mountains, Alaska, US"
310,Mount Asgard,2015.0,6611.0,,"Baffin Mountains, Nunavut, Canada"
311,Mount Le Conte,2010.0,6590.0,,"Great Smoky Mountains, Tennessee, US"
0,Serra da Estrela,1993.0,6539.0,,Portugal
1,Mount Bogong,1986.0,6516.0,,Australia – Highest in Victoria
2,Mount Ishizuchi,1982.0,6503.0,,Japan – Tallest in Western Japan
3,Doi Phu Kha,1980.0,6500.0,,"Luang Prabang Range, Thailand"
4,Pizzo Carbonara,1979.0,6493.0,,Province of Palermo Sicily
5,Topo de Coroa,1979.0,6493.0,,Cape Verde
6,Mount Tongariro,1978.0,6490.0,,New Zealand
7,Iceberg Peak,1977.0,6486.0,,"Vancouver Island, British Columbia, Canada"
8,Pico Turquino,1975.0,6480.0,,Cuba – Highest point
9,El Piveto Mountain,1969.0,6460.0,,"Vancouver Island, British Columbia, Canada"
10,Qiajivik Mountain,1963.0,6440.0,,"Baffin Island, Nunavut, Canada"
11,Monte Tamaro,1962.0,6437.0,,"Ticino, Switzerland"
12,Montalto (Aspromonte),1955.0,6414.0,,"Calabria, Italy"
13,Ciucas Peak,1954.0,6411.0,,Romania
14,Chionistra,1952.0,6404.0,,Cyprus
15,Hallasan,1950.0,6400.0,,"Jejudo, South Korea – Highest mountain in South Korea"
16,Pico de las Nieves,1949.0,6394.0,,Gran Canaria. Spain
17,Jabal Bil Ays,1934.0,6345.0,,Oman
18,Mullayanagiri,1930.0,6330.0,,"Chikmagalur, Karnataka, India"
19,Helvetia Tinde,1929.0,6329.0,,"Roosevelt Range – Highest peak in Peary Land, Northern Greenland"
20,Botte Donato,1928.0,6325.0,,"Sila Mountains, Calabria, Italy"
21,Mount Feathertop,1922.0,6306.0,,"Victorian Alps, Australia"
22,Mount Washington,1917.0,6289.0,,"Presidential Range, White Mtns., Appalachian Mountains, US – Highest in American Northeast"
23,Mount Jiri,1915.0,6283.0,,South Korea
24,Troglav,1913.0,6276.0,,"Highest peak of mountain Dinara, Bosnia and Herzegovina"
25,Mont Ventoux,1909.0,6263.0,,France
26,Vesper Peak,1896.0,6220.0,,"Washington, US"
27,Baba Budangiri,1895.0,6217.0,,"Chikmagalur, Karnataka, India"
28,Mount Narodnaya,1895.0,6217.0,,"Subpolar Urals, Russia"
29,Kudremukh,1894.0,6214.0,,"Chikmagalur, Karnataka, India"
30,Orjen,1894.0,6214.0,,"Montenegro, Bosnia and Herzegovina"
31,Iskhodnaya,1887.0,6191.0,,Russia – Highest of the Chukotka Mountains
32,Mount George V,1883.0,6178.0,,"Vancouver Island, British Columbia, Canada"
33,Monte Resegone,1875.0,6152.0,,"Province of Lecco, Lombardy, Italy"
34,Rugged Mountain,1875.0,6152.0,,"Vancouver Island, British Columbia, Canada"
35,Agastya Mala,1868.0,6129.0,,"Tamil Nadu/Kerala, India"
36,Trident Volcano,1864.0,6115.0,,"Alaska, US"
37,Mount Martin,1863.0,6112.0,,"Alaska, US"
38,Knuckles,1862.0,6109.0,,Sri Lanka
39,Pico Ruivo,1861.0,6106.0,,"Madeira, Portugal"
40,Pico das Torres,1853.0,6079.0,,"Madeira, Portugal"
41,Mont Ross,1850.0,6070.0,,"Gallieni Massif, Kerguelen Islands"
42,Cucurbata Mare,1849.0,6066.0,,Romania
43,Crown Mountain,1846.0,6056.0,,"Vancouver Island, British Columbia, Canada"
44,Loser,1838.0,6030.0,,Austria
45,Punta La Marmora,1834.0,6017.0,,Sardinia
46,Cerro La Campana,1828.0,5997.0,,"Olmue, Chile"
47,Gora Nevskaya,1828.0,5997.0,,"Magadan Oblast, Russia – Highest of the Kolyma Mountains"
48,Cerro de la Silla,1820.0,5970.0,,Mexico
49,Pico do Arieiro,1818.0,5965.0,,"Madeira, Portugal"
50,Roque Nublo,1813.0,5948.0,,"Gran Canaria, Spain"
51,Biligiriranga Hills,1800.0,5900.0,,"Chamarajanagar, Karnataka, India"
52,Monte Maggiorasca,1799.0,5902.0,,liguria - Emilia-Romagna Italy
53,Rigi,1797.0,5896.0,,Swiss Alps
54,Goru,1784.0,5853.0,,Romania
55,Blokhin Peak,1779.0,5837.0,,"Chukotka, Russian Federation – Highest in Anyuy Range"
56,Velliangiri Mountains,1778.0,5833.0,,"Coimbatore, Tamil Nadu, India"
57,Penteleu,1772.0,5814.0,,Romania
58,Mount Veve,1768.0,5801.0,,"Kolombangara, Solomon Islands"
59,Mount Adams,1766.0,5794.0,,"New Hampshire, US"
60,Pik Sovetskoy Gvardii,1759.0,5771.0,,"Chukotka, Russian Federation"
61,Mount Api,1750.0,5740.0,,"Gunung Mulu National Park, Sarawak, Malaysia"
62,Lovćen,1749.0,5738.0,,Montenegro
63,Tadiandamol,1748.0,5735.0,,"Kodagu, Karnataka, India"
64,Mount Rogers,1746.0,5728.0,,"Virginia, US – Highest point in state"
65,Doi Phi Pan Nam,1745.0,5725.0,,"Luang Prabang Range, Thailand"
66,Mount Wilson,1742.0,5715.0,,"California, US"
67,Mount Jefferson,1741.0,5712.0,,"New Hampshire, US"
68,Monte Amiata,1738.0,5702.0,,Province of Grosseto Italy
69,Daisen,1729.0,5673.0,,Japan
70,Babia Góra,1724.0,5656.0,,"Żywiec Beskids, Poland/Slovakia"
71,The Horn (Mount Buffalo),1723.0,5653.0,,"Victoria, Australia"
72,Mount Batur,1717.0,5633.0,,"Bali, Indonesia"
73,Kumara Parvata,1712.0,5617.0,,"Dakshina Kannada, Karnataka, India"
74,Pushpagiri,1712.0,5617.0,,"Pushpagiri Wildlife Sanctuary, Karnataka, India"
75,Mount Lowe,1707.0,5600.0,,"San Gabriel Mountains, California, US"
76,Boulder Peak,1707.0,5600.0,,"Olympic Mountains, Washington, US"
77,Doi Luang,1694.0,5558.0,,Thailand – Highest in the Phi Pan Nam Range
78,Mitre Peak,1692.0,5551.0,,New Zealand
79,Taungthonton Volcano,1680.0,5510.0,,Myanmar
80,Arma Konda,1680.0,5510.0,,India – Highest in Andhra Pradesh
81,Deomali,1672.0,5486.0,,India – Highest in Odisha
82,Mount Caubvick,1652.0,5420.0,,"Torngat Mountains, Canada"
83,Kalsubai,1646.0,5400.0,,India – Highest in Maharashtra State
84,Peak 5390,1643.0,5390.0,,"Alaska, US"
85,Yamantau,1640.0,5380.0,,"Southern Urals, Russia"
86,Mount Monroe,1637.0,5371.0,,"New Hampshire, US"
87,Mount Madison,1636.0,5367.0,,"New Hampshire, US"
88,Mount Krebs,1630.0,5350.0,,Antarctica
89,Mount Marcy,1629.0,5344.0,,"New York, US"
90,Trebević,1627.0,5338.0,,Bosnia and Herzegovina
91,Mount Bartle Frere,1622.0,5322.0,,"Queensland, Australia"
92,Rocca Busambra,1613.0,5292.0,,Province of Palermo Sicily
93,Velky Rozsutec,1610.0,5280.0,,"Mala Fatra, Slovakia"
94,Brahmagiri,1608.0,5276.0,,"Kodagu, Karnataka, India"
95,Mount Katahdin,1606.0,5269.0,,"Maine, US"
96,Sněžka,1603.0,5259.0,,"Giant Mountains, Poland/Czech Republic – Highest in Czech Republic"
97,Sirumalai,1600.0,5200.0,,Tamil Nadu India
98,Mount Lafayette,1600.0,5200.0,,"New Hampshire, US"
99,Mount Washington (British Columbia),1590.0,5220.0,,"Vancouver Island, British Columbia, Canada"
100,Mount Benarat,1585.0,5200.0,,"Gunung Mulu National Park, Sarawak, Malaysia"
101,Wai'ale'ale,1569.0,5148.0,,"Kauai, Hawaii, US"
102,Salher,1567.0,5141.0,,"Maharashtra, India"
103,Cirque Mountain,1567.0,5141.0,,"Labrador, Canada"
104,Algonquin Peak,1559.0,5115.0,,"New York, US"
105,Mount Lincoln,1551.0,5089.0,,"New Hampshire, US"
106,Mount Lukens,1547.0,5075.0,,"California, US"
107,Superstition Mountain,1542.0,5059.0,,"Arizona, US"
108,Mount Tai,1532.0,5026.0,,"Shandong, China"
109,Jabel Yibir,1527.0,5010.0,,United Arab Emirates
110,Madikeri,1525.0,5003.0,,"Kodagu, Karnataka, India"
111,Mount Popa,1518.0,4980.0,,Myanmar
112,Askja,1516.0,4974.0,,Iceland
113,Monte Boglia,1516.0,4974.0,,"Ticino, Switzerland"
114,Song Shan,1512.0,4961.0,,"Henan, China"
115,Mount Haystack,1512.0,4961.0,,"New York, US"
116,Pico de Malpaso,1501.0,4925.0,,"El Hierro, Spain"
117,Mount Skylight,1501.0,4925.0,,"New York, US"
118,Javaleon,1494.0,4902.0,,Spain
119,Mount Nuang,1491.0,4892.0,,"Titiwangsa Mountains, Malaysia"
120,Hekla,1491.0,4892.0,,Iceland
121,Alto de Garanjonay,1487.0,4879.0,,"La Gomera, Spain"
122,Mount Pinatubo,1486.0,4875.0,,"Luzon, Philippines"
123,Whiteface Mountain,1483.462,4867.0,,"New York, US"
124,Spruce Knob,1482.0,4862.0,,"West Virginia, US"
125,Dix Mountain,1480.0,4860.0,,"New York, US"
126,Gray Peak (New York),1475.0,4839.0,,"New York, US"
127,Iroquois Peak,1475.0,4839.0,,"New York, US"
128,Lyaskovets Peak,1473.0,4833.0,,Antarctica
129,Mount Olympus,1471.0,4826.0,,"Tasmania, Australia"
130,Basin Mountain (New York),1471.0,4826.0,,"New York, US"
131,La Grande Soufrière,1467.0,4813.0,,"Guadeloupe, France"
132,Monte Penice,1460.0,4790.0,,"Lombardy – Emilia-Romagna, Italy"
133,Brasstown Bald,1458.0,4783.0,,"Georgia (U.S. state), United States"
134,Mount Seymour,1455.0,4774.0,,"British Columbia, Canada"
135,Himavad Gopalaswamy Betta,1450.0,4760.0,,"Chamarajanagar, Karnataka, India"
136,Snæfellsjökull,1446.0,4744.0,,Iceland
137,Gothics,1444.0,4738.0,,"New York, US"
138,Mount Colden,1436.8,4714.0,,"New York, US"
139,Mount Kalourat,1435.0,4708.0,,"Malaita, Solomon Islands"
140,Ngarutjaranya,1435.0,4708.0,,Australia – Highest in South Australia
141,Cypress Mountain,1432.0,4698.0,,"British Columbia, Canada"
142,Taramati,1431.0,4695.0,,"Maharashtra, India"
143,Harishchandragad,1427.0,4682.0,,"Maharashtra, India"
144,Tukgahgo Mountain,1425.0,4675.0,,"Alaska, US"
145,Giant Mountain,1410.3,4627.0,,"New York, US"
146,Nippletop,1408.2,4620.0,,"New York, US"
147,Pikui,1408.0,4619.0,,Ukraine – Highest point in Lvivshchyna
148,Santanoni Peak,1404.2,4607.0,,"New York, US"
149,Mount Redfield,1403.9,4606.0,,"New York, US"
150,Raireshwar,1398.0,4587.0,,"Maharashtra, India"
151,Wright Peak,1396.0,4580.0,,"New York, US"
152,Taburno Camposauro,1393.0,4570.0,,Campania Italy
153,Saddleback Mountain,1376.2,4515.0,,"New York, US"
154,Parasnath,1366.0,4482.0,,India – Highest in Jharkhand State
155,Panther Peak,1354.0,4442.0,,"New York, US"
156,Dhupgarh,1350.0,4430.0,,India – Highest in Madhya Pradesh
157,Table Top Mountain,1349.4,4427.0,,"New York, US"
158,Rocky Peak Ridge,1347.2,4420.0,,"New York, US"
159,Ben Nevis,1345.0,4413.0,,"Scotland, United Kingdom – Highest in the United Kingdom"
160,Kodachadri,1343.0,4406.0,,"Shimoga, Karnataka, India"
161,Macomb Mountain,1342.6,4405.0,,"New York, US"
162,Mount Jiuhua,1342.0,4403.0,,"Anhui, China"
163,Armstrong Mountain,1341.1,4400.0,,"New York, US"
164,Hough Peak,1341.1,4400.0,,"New York, US"
165,Mount Aniakchak,1341.0,4400.0,,"Alaska, US"
166,Mount Mansfield,1339.0,4393.0,,"Green Mountains, Vermont, US – Highest in Vermont"
167,Cerro de Punta,1338.0,4390.0,,"Jayuya, Puerto Rico – Highest in Puerto Rico"
168,Seward Mountain (New York),1329.2,4361.0,,"New York, US"
169,Mount Marshall,1329.0,4360.0,,"New York, US"
170,Allen Mountain (New York),1332.8,4373.0,,"New York, US"
171,Mount Bassie,1311.0,4301.0,,"Alaska, US"
172,Ben Macdui,1309.0,4295.0,,"Scotland, United Kingdom"
173,Mount Kanaga,1307.0,4288.0,,"Alaska, US"
174,Sinhagad,1303.0,4275.0,,"Maharashtra, India"
175,Mount Heng (Hunan),1300.0,4300.0,,"Hunan, China"
176,Braeriach,1296.0,4252.0,,"Scotland, United Kingdom"
177,Big Slide Mountain (New York),1292.4,4240.0,,"New York, US"
178,Esther Mountain,1292.4,4240.0,,"New York, US"
179,Rajabasa,1281.0,4203.0,,"Sumatra, Indonesia"
180,Mount Vesuvius,1281.0,4203.0,,Italy
181,Upper Wolfjaw,1275.6,4185.0,,New York
182,Mount Ophir,1276.0,4186.0,,"Titiwangsa Mountains, Johor, Malaysia"
183,Bailadila,1276.0,4186.0,,India – Highest in Chhattisgarh State
184,Lower Wolfjaw,1272.5,4175.0,,"New York, US"
185,Mount Wellington,1271.0,4170.0,,"Tasmania, Australia"
186,Mount Si,1270.0,4170.0,,"Washington, US"
187,Street Mountain,1269.8,4166.0,,"New York, US"
188,Phelps Mountain,1268.3,4161.0,,"New York, US"
189,Mount Qingcheng,1260.0,4130.0,,"Sichuan, China"
190,Detunata,1258.0,4127.0,,Romania
191,Mount Donna Buang,1250.0,4100.0,,"Victoria, Australia"
192,Kīlauea,1247.0,4091.0,,"Hawaii, US"
193,Camel's Hump,1244.0,4081.0,,"Vermont, US"
194,Cannon Mountain,1240.0,4070.0,,"New Hampshire, US"
195,The Priest,1238.0,4062.0,,"Blue Ridge Mountains, Virginia, US"
196,Aonach Beag,1234.0,4049.0,,"Scotland, United Kingdom"
197,Grouse Mountain,1231.0,4039.0,,"British Columbia, Canada"
198,Kaʻala,1220.0,4000.0,,"Oahu, Hawaii, US"
199,Mount Jerai,1217.0,3993.0,,"Titiwangsa Mountains, Kedah, Malaysia"
200,Mount Gozaisho,1212.0,3976.0,,"Suzuka Mountains, Mie Prefecture, Japan"
201,Mount Meron,1208.0,3963.0,,"Galilee, Israel – Highest in Israel (inside the '67 borders)"
202,Mount Fromme,1185.0,3888.0,,"British Columbia, Canada"
203,Doi Ian,1174.0,3852.0,,"Phi Pan Nam Range, Thailand"
204,Mount Diablo,1173.0,3848.0,,"California, US"
205,Mount Hombori,1155.0,3789.0,,Mali – Highest in Mali
206,Lochnagar,1155.0,3789.0,,Scotland
207,Bidean nam Bian,1150.0,3770.0,,Scotland
208,Monte Musinè,1150.0,3770.0,,"Piedmont, Italy"
209,Brocken,1141.0,3743.0,,"Saxony-Anhalt, Germany – Highest mountain in the Harz; highest in Saxony-Anhalt"
210,Victoria Peak,1120.0,3670.0,,Belize – 2nd highest mountain in Belize
211,Gora Sovetskaya,1096.0,3596.0,,"Wrangel Island, Chukotka, Russian Federation – Highest in Wrangel Island"
212,Kayser Mountain,1094.0,3589.0,,Greenland
213,Mount Juneau,1090.0,3580.0,,"Alaska, US"
214,Roxy Ann Peak,1090.0,3580.0,,"Oregon, US"
215,Snowdon (Yr Wyddfa),1085.0,3560.0,,"Gwynedd, Wales, United Kingdom – Highest in Wales"
216,Table Mountain,1085.0,3560.0,,South Africa
217,Flattop Mountain,1070.0,3510.0,,"Alaska, US"
218,Uummannaq,1070.0,3510.0,,Greenland
219,White Butte,1069.0,3507.0,,"North Dakota, US – Highest in state"
220,Hogback Mountain,1059.0,3474.0,,"Virginia, US"
221,Liathach,1055.0,3461.0,,"Torridon, Scotland"
222,Saka Haphong,1052.0,3451.0,,"Bandarban, Bangladesh"
223,Corrán Tuathail,1038.0,3406.0,,"County Kerry, Ireland – Highest mountain in Ireland"
224,Mount Ramon,1037.0,3402.0,,"Negev, Israel"
225,Girnar,1031.0,3383.0,,"Gujarat, India"
226,Mount Zagora,1030.0,3380.0,,Morocco
227,Mount Nabi Yunis,1030.0,3380.0,,"Hebron, Palestine"
228,Buachaille Etive Mor,1022.0,3353.0,,"Glen Etive, Scotland"
229,Munboksan,1015.0,3330.0,,South Korea
230,Kékes,1014.0,3327.0,,Hungary – Highest mountain in Hungary
231,Mount Belumut,1010.0,3310.0,,"Johor, Malaysia"
232,Old Rag Mountain,1001.0,3284.0,,"Virginia, US"
233,Devil's Peak,1000.0,3300.0,,"Cape Town, South Africa"
0,Sgurr Dearg,986.0,3235.0,Cuillin,Scotland
1,Mount Sizer,980.0,3220.0,Diablo Range,US (California)
2,Mount Valin,980.0,3220.0,Saguenay Lac St-Jean,Canada (Québec)
3,Hyangnosan,979.0,3212.0,,"Gyeongnam Province, South Korea"
4,Scafell Pike,978.0,3209.0,Southern Fells,England (Cumbria) – Highest in England
5,Mount Edgecumbe,976.0,3202.0,,US (Alaska)
6,Grand Bonhomme,973.0,3192.0,,Saint Vincent and the Grenadines
7,North Mountain (Catskills),969.0,3179.0,Catskill Escarpment,US (New York)
8,Doli Gutta,965.0,3166.0,Deccan Plateau,India – Highest in Telangana State
9,Mount Monadnock,965.0,3166.0,,US (New Hampshire) – One of the most frequently climbed in the world
10,Mount Pirongia,959.0,3146.0,Hakarimata Range,New Zealand
11,Tai Mo Shan,957.0,3140.0,,Hong Kong – Highest in Hong Kong
12,Chimneytop,950.1,3117.0,Bays Mountain Range,"Tennessee, US"
13,Helvellyn,950.0,3120.0,Eastern Fells,England (Cumbria)
14,Mount Gimie,950.0,3120.0,,Saint Lucia – Highest point
15,El Cerro del Aripo,940.0,3080.0,Northern Range,Trinidad and Tobago – Highest point
16,El Tucuche,936.0,3071.0,Northern Range,Trinidad and Tobago
17,Lantau Peak,934.0,3064.0,,Hong Kong
18,Mount Taungnyo,931.0,3054.0,,Myanmar
19,Betlingchhip,930.0,3050.0,Jampui Hills,India – Highest in Tripura
20,Kaimondake volcano,924.0,3031.0,,"Kagoshima, Japan"
21,San Salvatore,912.0,2992.0,,"Ticino, Switzerland"
22,Pantokrator,906.0,2972.0,,Greece (Corfu)
23,Edinburgh Peak,904.0,2966.0,,"Tristan Da Cunha, Atlantic Ocean"
24,Cadair Idris,893.0,2930.0,,Wales
25,Pen y Fan,886.0,2907.0,,Wales
26,Baekunsan,885.0,2904.0,,"Ulsan, South Korea"
27,Mount Gerizim,881.0,2890.0,,West Bank
28,Sunset Peak,869.0,2851.0,,Hong Kong
29,Mahuli,858.0,2815.0,,"Thane District, Maharashtra, India"
30,Mount Taylor,856.0,2808.0,,"Canberra, Australia"
31,Slieve Donard,856.0,2808.0,Mourne Mountains,"County Down, Northern Ireland"
32,Tinakula,851.0,2792.0,Tinakula,Solomon Islands
33,Mount Saint Catherine,840.0,2760.0,,Grenada – Highest point
34,Mount Magazine,839.0,2753.0,Ozark Mountains,"Arkansas, US"
35,Hoemunsan,837.0,2746.0,,"North Jeolla Province, South Korea"
36,Bukhansan (Baegundae Peak),836.5,2744.0,,"Seoul, South Korea"
37,Piton de la Petite Rivière Noire,828.0,2717.0,,"Black River Mountain Range, Mauritius"
38,Pieter Both (mountain),820.0,2690.0,,Mauritius
39,Mount Carleton,817.0,2680.0,Appalachian Mountains,Canada (New Brunswick)
40,The Cheviot,815.0,2674.0,Cheviot Hills,England (Northumberland)
41,Le Pouce,811.0,2661.0,,Mauritius
42,Mount Santubong,810.0,2660.0,,Malaysia (Sarawak)
43,Pico de la Zarza,807.0,2648.0,,Spain (Fuerteventura)
44,Gros Morne,807.0,2648.0,,Canada (Newfoundland)
45,Clisham,799.0,2621.0,,"Harris, Western Isles, Scotland"
46,Mount Tamalpais,792.0,2598.0,California Coast Ranges,US (California)
47,Mission Peak,790.0,2590.0,Diablo Range,US (California)
48,Gyemyeongsan,774.0,2539.0,,"North Chungcheong Province, South Korea"
49,Mount Boucherie,758.0,2487.0,,Canada (British Columbia)
50,Daeunsan,742.0,2434.0,,South Korea
51,Mount Dobong,740.0,2430.0,,South Korea
52,Mount Lofty,727.0,2385.0,,South Australia
53,Ben Cleuch,721.0,2365.0,,Scotland
54,Corps de Garde,720.0,2360.0,,Mauritius
55,Gaseopsan,710.0,2330.0,,"North Chungcheong Province, South Korea"
56,Mount Dick,705.0,2313.0,,"Auckland Islands, New Zealand"
57,Pu‘u ‘Ō‘ō,698.0,2290.0,,US (Hawaii)
58,Signal de Botrange,694.0,2277.0,High Fens,Belgium (Liège) – Highest in Belgium
59,Ishpatina Ridge,690.0,2260.0,,Canada (Ontario)
60,Galgisan,685.0,2247.0,,"Gyeonggi Province and Gangwon Province, South Korea"
61,Delphi,681.0,2234.0,,Greece (Skopelos)
62,Qalorujoorneq,676.0,2218.0,,Greenland
63,Penas del Chache,672.0,2205.0,,"Lanzarote, Spain"
64,Lion's Head,669.0,2195.0,,"Cape Town, South Africa"
65,Steling,658.0,2159.0,High Fens,Belgium
66,Maple Mountain,642.0,2106.0,,Canada (Ontario)
67,Kinder Scout,636.0,2087.0,,"Peak District, England – Highest in Peak District"
68,Masaya Volcano,635.0,2083.0,,Nicaragua
69,Mount D'Urville,630.0,2070.0,,"Auckland Islands, New Zealand"
70,Moel Eilio,629.0,2064.0,,"Snowdonia, Wales"
71,High Willhays,621.0,2037.0,,England (Dartmoor)
72,Snaefell,621.0,2037.0,,"Isle of Man, British Isles"
73,Beinn Mhòr,620.0,2030.0,,"South Uist, Scotland"
74,Mount Bibele,617.0,2024.0,,Italy
75,Munsusan (Ulsan),600.0,2000.0,,"Ulsan, South Korea"
76,Mount Takao,599.0,1965.0,,"Tokyo, Japan"
77,Sikjangsan,596.0,1955.0,,"Daejeon, South Korea"
78,Forbordsfjellet,590.0,1940.0,,"Nord-Trøndelag, Norway"
79,Gwanggyosan,582.0,1909.0,,"Gyeonggi Province, South Korea"
80,Mount Pond,576.0,1890.0,,South Shetland Islands
81,Mount Tabor,575.0,1886.0,,"Galilee, Israel"
82,Monte Conero,572.0,1877.0,,Italy (Ancona)
83,Gyeryongsan,566.0,1857.0,,"South Gyeongsang Province, South Korea"
84,Mount Honey,558.0,1831.0,,"Campbell Islands, New Zealand"
85,Le Morne Brabant,555.0,1821.0,,Mauritius
86,Rempart Mountain (Montagne du Rempart),545.0,1788.0,,Mauritius
87,Palasip Qaqqaa (Præstefjeldet),544.0,1785.0,,"Qeqqata, Greenland"
88,Namamsan,543.0,1781.0,,"Ulsan, South Korea"
89,Taum Sauk Mountain,540.0,1770.0,,"Missouri, US"
90,Silver Peak Mountain,539.0,1768.0,,"Ontario, Canada"
91,Aydos Hill,537.0,1762.0,,"Istanbul, Turkey"
92,Great Mell Fell,537.0,1762.0,Eastern Fells,England (Cumbria)
93,Geomdansan (Seongnam),534.7,1754.0,,"Gyeonggi Province, South Korea"
94,Yeonhwasan,532.0,1745.0,,"Ulsan, South Korea"
95,Heukseongsan,519.0,1703.0,,"North Chungcheong Province, South Korea"
96,Avala,511.0,1677.0,,Serbia
97,Little Si,480.0,1570.0,Cascade Range,"Washington, US"
98,Mount Ramsay,475.0,1558.0,,Antarctica
99,Mount Keira,462.0,1516.0,,"New South Wales, Australia - near the city of Wollongong"
100,Blue Mountain,452.0,1483.0,,"Ontario, Canada"
101,Muryongsan (Ulsan),452.0,1483.0,,"Ulsan, South Korea"
102,Dongdaesan (Ulsan),447.0,1467.0,,"Ulsan, South Korea"
103,Diamond Hill,442.0,1450.0,Connemara National Park,Ireland
104,Gibraltar,426.0,1398.0,,Gibraltar
105,Pic Paradis,424.0,1391.0,,Saint Martin (France) – Highest point
106,Havsula,415.0,1362.0,,"Svalbard, Norway"
107,Storm King Mountain,408.0,1339.0,Hudson Highlands,US (New York)
108,Gyeyangsan,395.0,1296.0,,"Incheon, South Korea"
109,Mount Galloway,366.0,1201.0,,"Antipode Islands, New Zealand"
110,Pawala Valley Ridge,347.0,1138.0,,"Pitcairn Islands, Pacific Ocean – Highest point"
111,Loughrigg Fell,335.0,1099.0,Central Fells,England (Cumbria)
112,Mount Kinka (Gifu),329.0,1079.0,,"Gifu, Japan"
113,Vaalserberg,321.0,1053.0,,Netherlands (Limburg)
114,Mount Bates,319.0,1047.0,,"Norfolk Island, Australia"
115,Suur Munamägi,318.0,1043.0,,"Haanja, Estonia"
116,Gaiziņkalns,312.0,1024.0,,Latvia – Highest point in Latvia
117,Mutla Ridge,306.0,1004.0,,Kuwait – Highest point
118,Aukštojas,293.0,961.0,,"Medininkai, Lithuania"
119,Kruopinė,293.0,961.0,,"Vilnius, Lithuania"
120,Juozapinė,292.0,958.0,,"Vilnius, Lithuania"
121,Morne du Vitet,286.0,938.0,,Saint Barthélemy (France) – Highest point
122,Qixia Mountain,286.0,938.0,,"Nanjing, China"
123,Hwajangsan,285.0,935.0,,"Ulsan, South Korea"
124,Potolaka/Putuo Shan,284.0,932.0,,"Zhejiang, China"
125,Agujas Grandes,266.0,873.0,,"La Graciosa, Spain"
126,Jerimoth Hill,247.0,810.0,,"Rhode Island, US"
127,Mount Ngerchelchuus,242.0,794.0,,"Babeldaob, Palau – Highest point"
128,Mount Royal,233.0,764.0,,"Quebec, Canada"
129,Diamond Head,232.0,761.0,,US (Hawaii)
130,Yeomposan,203.0,666.0,,"Ulsan, South Korea"
131,Hamwolsan,200.0,660.0,,"Ulsan, South Korea"
